page,kind,breed,file,rows,columns,metrics,issues
1,other,,,0,0,,not_animal_table
2,other,,,0,0,,not_animal_table
3,index_or_definition,,,0,0,,not_animal_table
4,other,,,0,0,,not_animal_table
5,table_of_contents,,,0,0,,not_animal_table
6,methodology,,,0,0,,not_animal_table
7,methodology,,,0,0,,not_animal_table
8,other,,,0,0,,not_animal_table
9,methodology,,,0,0,,not_animal_table
10,index_or_definition,,,0,0,,not_animal_table
11,other,,,0,0,,not_animal_table
12,animal_summary,Nelore,page_012__3P_MP120_STAY_P450_PE365_AOL_MGTe.csv,40,37,3P|MP120|STAY|P450|PE365|AOL|MGTe,[]
13,animal_summary,Nelore,page_013__3P_MP120_STAY_P450_PE365_AOL_MGTe.csv,40,37,3P|MP120|STAY|P450|PE365|AOL|MGTe,[]
14,animal_summary,Nelore,page_014__3P_MP120_STAY_P450_PE365_AOL_MGTe.csv,40,37,3P|MP120|STAY|P450|PE365|AOL|MGTe,[]
15,animal_summary,Nelore,page_015__3P_MP120_STAY_P450_PE365_AOL_MGTe.csv,40,37,3P|MP120|STAY|P450|PE365|AOL|MGTe,[]
16,animal_summary,Nelore,page_016__3P_MP210_STAY_P210_PE365_MGTe_CR_MGTe.csv,40,37,3P|MP210|STAY|P210|PE365|MGTe_CR|MGTe,[]
17,animal_summary,Nelore,page_017__P450_AOL_ACAB_MGTe_RE_MGTe.csv,40,29,P450|AOL|ACAB|MGTe_RE|MGTe,[]
18,animal_summary,Nelore,page_018__P450_CAR_AOL_ACAB_MAR_MGTe_F1_MGTe.csv,40,37,P450|CAR|AOL|ACAB|MAR|MGTe_F1|MGTe,[]
19,animal_summary,Nelore,page_019__P450_CAR_AOL_ACAB_MAR_MGTe_CO_MGTe.csv,40,37,P450|CAR|AOL|ACAB|MAR|MGTe_CO|MGTe,[]
20,animal_summary,Nelore,page_020__MGTe_CR_MGTe_RE_MGTe_CO_MGTe_F1_MGTe.csv,40,29,MGTe_CR|MGTe_RE|MGTe_CO|MGTe_F1|MGTe,[]
21,animal_summary,Nelore,page_021__IPP_3P_MP120_STAY_PE365_MGTe.csv,40,33,IPP|3P|MP120|STAY|PE365|MGTe,[]
22,animal_summary,Nelore,page_022__IPP_3P_MP120_STAY_P450_MGTe.csv,40,33,IPP|3P|MP120|STAY|P450|MGTe,[]
23,animal_summary,Nelore,page_023__IPP_3P_MP120_P450_PE365_MGTe.csv,40,33,IPP|3P|MP120|P450|PE365|MGTe,[]
24,animal_summary,Nelore,page_024__IPP_MP120_MP210_PAC_P450_MGTe.csv,40,33,IPP|MP120|MP210|PAC|P450|MGTe,[]
25,animal_summary,Nelore,page_025__MP120_P120_P210_P450_PE365_MGTe.csv,40,33,MP120|P120|P210|P450|PE365|MGTe,[]
26,animal_summary,Nelore,page_026__MP120_P120_P210_P450_PE365_MGTe.csv,40,33,MP120|P120|P210|P450|PE365|MGTe,[]
27,animal_summary,Nelore,page_027__IPP_3P_P450_AOL_ACAB_MGTe.csv,40,33,IPP|3P|P450|AOL|ACAB|MGTe,[]
28,animal_summary,Nelore,page_028__IPP_3P_P450_AOL_ACAB_MGTe.csv,40,33,IPP|3P|P450|AOL|ACAB|MGTe,[]
29,animal_summary,Nelore,page_029__IPP_3P_P450_AOL_ACAB_MAR_MGTe.csv,40,37,IPP|3P|P450|AOL|ACAB|MAR|MGTe,[]
30,animal_summary,Nelore,page_030__P450_CAR_IMS_AOL_ACAB_MGTe.csv,40,33,P450|CAR|IMS|AOL|ACAB|MGTe,[]
31,animal_summary,Nelore,page_031__3P_MP120_STAY_P450_PE365_AOL_MGTe.csv,40,37,3P|MP120|STAY|P450|PE365|AOL|MGTe,[]
32,other,,,0,0,,not_animal_table
33,other,,,0,0,,not_animal_table
34,trait_summary,,,0,0,,not_animal_table
35,other,,,0,0,,not_animal_table
36,other,,,0,0,,not_animal_table
37,animal_summary,Guzerá,page_037__IPP_MP120_STAY_P450_PE365_MGTe.csv,18,33,IPP|MP120|STAY|P450|PE365|MGTe,[]
38,animal_summary,Guzerá,page_038__MGTe_CR_MGTe_RE_MGTe.csv,18,21,MGTe_CR|MGTe_RE|MGTe,[]
39,animal_summary,Guzerá,page_039__IPP_MP120_STAY_P450_PE365.csv,8,29,IPP|MP120|STAY|P450|PE365,[]
40,animal_summary,Guzerá,page_040__IPP_MP120_STAY_P450_PE365_MGTe.csv,37,33,IPP|MP120|STAY|P450|PE365|MGTe,[]
41,animal_summary,Guzerá,page_041__IPP_MP120_STAY_P450_PE365_MGTe.csv,23,33,IPP|MP120|STAY|P450|PE365|MGTe,[]
42,animal_summary,Guzerá,page_042__IPP_MP120_MP210_PAC_P450_MGTe.csv,10,33,IPP|MP120|MP210|PAC|P450|MGTe,[]
43,animal_summary,Guzerá,page_043__MP120_P120_P210_P450_PE365_MGTe.csv,15,33,MP120|P120|P210|P450|PE365|MGTe,[]
44,animal_summary,Guzerá,page_044__MP120_P210_P365_P450_PE365_MGTe.csv,17,33,MP120|P210|P365|P450|PE365|MGTe,[]
45,animal_summary,Guzerá,page_045__IPP_P450_PE365_AOL_ACAB_MGTe.csv,11,33,IPP|P450|PE365|AOL|ACAB|MGTe,[]
46,animal_summary,Guzerá,page_046__IPP_P450_PE365_AOL_ACAB_MGTe.csv,4,33,IPP|P450|PE365|AOL|ACAB|MGTe,[]
47,other,,,0,0,,not_animal_table
48,trait_summary,,,0,0,,not_animal_table
49,other,,,0,0,,not_animal_table
50,other,,,0,0,,not_animal_table
51,animal_summary,Brahman,page_051__IPP_STAY_P120_P450_PE365_MGTe.csv,22,33,IPP|STAY|P120|P450|PE365|MGTe,[]
52,animal_summary,Brahman,page_052__MGTe_CR_MGTe_RE_MGTe.csv,22,21,MGTe_CR|MGTe_RE|MGTe,[]
53,animal_summary,Brahman,page_053__IPP_STAY_P210_P450_PE365_MGTe.csv,17,33,IPP|STAY|P210|P450|PE365|MGTe,[]
54,animal_summary,Brahman,page_054__IPP_STAY_PAC_P450_PE365_MGTe.csv,40,33,IPP|STAY|PAC|P450|PE365|MGTe,[]
55,animal_summary,Brahman,page_055__IPP_STAY_P210_P450_PE365_MGTe.csv,27,33,IPP|STAY|P210|P450|PE365|MGTe,[]
56,animal_summary,Brahman,page_056__IPP_MP120_MP210_PAC_P450_MGTe.csv,11,33,IPP|MP120|MP210|PAC|P450|MGTe,[]
57,animal_summary,Brahman,page_057__IPP_P120_P210_P450_PE365_MGTe.csv,38,33,IPP|P120|P210|P450|PE365|MGTe,[]
58,animal_summary,Brahman,page_058__P120_P210_P365_P450_PE365_MGTe.csv,25,33,P120|P210|P365|P450|PE365|MGTe,[]
59,animal_summary,Brahman,page_059__IPP_P450_PE365_AOL_ACAB_MGTe.csv,20,33,IPP|P450|PE365|AOL|ACAB|MGTe,[]
60,animal_summary,Brahman,page_060__IPP_P450_PE365_AOL_ACAB_MGTe.csv,18,33,IPP|P450|PE365|AOL|ACAB|MGTe,[]
61,trait_summary,,,0,0,,not_animal_table
62,other,,,0,0,,not_animal_table
63,animal_summary,Tabapuã,page_063__IPP_MP120_P210_P450_PE365_MGTe.csv,11,33,IPP|MP120|P210|P450|PE365|MGTe,[]
64,animal_summary,Tabapuã,page_064__MGTe_CR_MGTe_RE_MGTe.csv,11,21,MGTe_CR|MGTe_RE|MGTe,[]
65,animal_summary,Tabapuã,page_065__IPP_MP120_STAY_P450_PE365_MGTe.csv,18,33,IPP|MP120|STAY|P450|PE365|MGTe,[]
66,animal_summary,Tabapuã,page_066__IPP_MP120_STAY_P450_MGTe.csv,21,29,IPP|MP120|STAY|P450|MGTe,[]
67,animal_summary,Tabapuã,page_067__IPP_MP120_STAY_P450_PE365_MGTe.csv,40,33,IPP|MP120|STAY|P450|PE365|MGTe,[]
68,animal_summary,Tabapuã,page_068__IPP_MP120_MP210_PAC_P450_MGTe.csv,2,33,IPP|MP120|MP210|PAC|P450|MGTe,[]
69,animal_summary,Tabapuã,page_069__MP120_P120_P210_P450_PE365_MGTe.csv,20,33,MP120|P120|P210|P450|PE365|MGTe,[]
70,animal_summary,Tabapuã,page_070__MP120_P210_P365_P450_PE365_MGTe.csv,26,33,MP120|P210|P365|P450|PE365|MGTe,[]
71,animal_summary,Tabapuã,page_071__IPP_P450_PE365_AOL_ACAB_MGTe.csv,10,33,IPP|P450|PE365|AOL|ACAB|MGTe,[]
72,animal_summary,Tabapuã,page_072__IPP_P450_PE365_AOL_ACAB_MGTe.csv,5,33,IPP|P450|PE365|AOL|ACAB|MGTe,[]
73,trait_summary,,,0,0,,not_animal_table
74,other,,,0,0,,not_animal_table
75,animal_summary,Sindi,page_075__MP120_STAY_P210_P450_PE365_MGTe.csv,23,33,MP120|STAY|P210|P450|PE365|MGTe,[]
76,animal_summary,Sindi,page_076__IPP_MP120_STAY_P450_PE365_MGTe.csv,7,33,IPP|MP120|STAY|P450|PE365|MGTe,[]
77,animal_summary,Sindi,page_077__3P_MP120_STAY_P450_MGTe.csv,10,29,3P|MP120|STAY|P450|MGTe,[]
78,animal_summary,Sindi,page_078__3P_MP120_STAY_P450_PE365_MGTe.csv,16,33,3P|MP120|STAY|P450|PE365|MGTe,[]
79,animal_summary,Sindi,page_079__MP120_MP210_PAC_P450_MGTe.csv,8,29,MP120|MP210|PAC|P450|MGTe,[]
80,animal_summary,Sindi,page_080__MP120_P120_P210_P450_PE365_MGTe.csv,2,33,MP120|P120|P210|P450|PE365|MGTe,[]
81,animal_summary,Sindi,page_081__MP120_P210_P365_P450_PE365_MGTe.csv,1,33,MP120|P210|P365|P450|PE365|MGTe,[]
82,animal_summary,Sindi,page_082__IPP_P450_PE365_AOL_ACAB_MGTe.csv,27,33,IPP|P450|PE365|AOL|ACAB|MGTe,[]
83,animal_summary,Sindi,page_083__IPP_P450_PE365_AOL_ACAB_MGTe.csv,25,33,IPP|P450|PE365|AOL|ACAB|MGTe,[]
84,trait_summary,,,0,0,,not_animal_table
85,methodology,,,0,0,,not_animal_table
86,methodology,,,0,0,,not_animal_table
87,methodology,,,0,0,,not_animal_table
88,methodology,,,0,0,,not_animal_table
89,methodology,,,0,0,,not_animal_table
90,index_or_definition,,,0,0,,not_animal_table
91,methodology,,,0,0,,not_animal_table
92,other,,,0,0,,not_animal_table
93,methodology,,,0,0,,not_animal_table
94,methodology,,,0,0,,not_animal_table
95,methodology,,,0,0,,not_animal_table
96,other,,,0,0,,not_animal_table
97,index_or_definition,,,0,0,,not_animal_table
98,index_or_definition,,,0,0,,not_animal_table
99,index_or_definition,,,0,0,,not_animal_table
100,index_or_definition,,,0,0,,not_animal_table
101,schedule,,,0,0,,not_animal_table
102,methodology,,,0,0,,not_animal_table
103,schedule,,,0,0,,not_animal_table
104,methodology,,,0,0,,not_animal_table
105,methodology,,,0,0,,not_animal_table
106,other,,,0,0,,not_animal_table
107,other,,,0,0,,not_animal_table
108,other,,,0,0,,not_animal_table
109,other,,,0,0,,not_animal_table
110,other,,,0,0,,not_animal_table
111,other,,,0,0,,not_animal_table
112,other,,,0,0,,not_animal_table
113,other,,,0,0,,not_animal_table
114,other,,,0,0,,not_animal_table
