breed,animal_id,birth_month_year,animal_name,sex,sire,source_page,source_raw,IPPdep,IPPac,IPPtop,IPPtop_pct,P120dep,P120ac,P120top,P120top_pct,P210dep,P210ac,P210top,P210top_pct,P450dep,P450ac,P450top,P450top_pct,PE365dep,PE365ac,PE365top,PE365top_pct,MGTedep,MGTeac,MGTetop,MGTetop_pct,metric_order
Brahman,OBGP 5707,10/20,UCHOA OB,G,OBGP 3777,57,"OBGP 5707 10/20 UCHOA OB G OBGP 3777 -0.62 43 17% 10.81 44 0,1% 17.61 45 0,1% 25.46 50 0,1% 0.41 50 26% 13 1 26.24 42 0,1%",-0.62,43,17%,17.0,10.81,44,"0,1%",0.1,17.61,45,"0,1%",0.1,25.46,50,"0,1%",0.1,0.41,50,26%,26.0,26.24,42,"0,1%",0.1,"IPP,P120,P210,P450,PE365,MGTe"
Brahman,CSCP 1533,07/19,1533 DE NAVIRAI,G,UBER 461,57,"CSCP 1533 07/19 1533 DE NAVIRAI G UBER 461 -0.18 41 65% 5.93 45 6% 12.46 48 0,5% 25.98 39 0,1% 0.50 51 16% 43 2 25.43 39 0,1%",-0.18,41,65%,65.0,5.93,45,6%,6.0,12.46,48,"0,5%",0.5,25.98,39,"0,1%",0.1,0.5,51,16%,16.0,25.43,39,"0,1%",0.1,"IPP,P120,P210,P450,PE365,MGTe"
Brahman,OBGP 5818,02/21,TRIVOLE FIV OB,G,OBGP 1193,57,"OBGP 5818 02/21 TRIVOLE FIV OB G OBGP 1193 -0.53 43 24% 8.05 41 2% 12.20 41 0,5% 18.77 48 0,5% 0.39 41 28% 12 1 25.33 41 0,1%",-0.53,43,24%,24.0,8.05,41,2%,2.0,12.2,41,"0,5%",0.5,18.77,48,"0,5%",0.5,0.39,41,28%,28.0,25.33,41,"0,1%",0.1,"IPP,P120,P210,P450,PE365,MGTe"
Brahman,NOG 3201,08/21,3201 FIV NOGAL DEL RI,G,WRRB 115,57,NOG 3201 08/21 3201 FIV NOGAL DEL RI G WRRB 115 -0.39 31 36% 4.33 47 12% 6.36 46 6% 14.76 46 3% 0.69 38 3% 11 1 18.67 31 1%,-0.39,31,36%,36.0,4.33,47,12%,12.0,6.36,46,6%,6.0,14.76,46,3%,3.0,0.69,38,3%,3.0,18.67,31,1%,1.0,"IPP,P120,P210,P450,PE365,MGTe"
Brahman,GOOD 1413,11/08,GOOD BRAHMANIA,,1413 660295,57,GOOD 1413 11/08 GOOD BRAHMANIA 1413 660295 -0.22 24 59% 3.72 32 16% 6.34 41 6% 13.06 8 5% 0.46 53 20% 70 2 16.91 8 2%,-0.22,24,59%,59.0,3.72,32,16%,16.0,6.34,41,6%,6.0,13.06,8,5%,5.0,0.46,53,20%,20.0,16.91,8,2%,2.0,"IPP,P120,P210,P450,PE365,MGTe"
Brahman,OBGP 3777,12/13,ATICO OB,G,OMBD 114,57,"OBGP 3777 12/13 ATICO OB G OMBD 114 -0.54 43 24% 7.89 65 2% 5.98 66 7% 19.97 71 0,5% 0.50 85 16% 373 4 10.80 43 16%",-0.54,43,24%,24.0,7.89,65,2%,2.0,5.98,66,7%,7.0,19.97,71,"0,5%",0.5,0.5,85,16%,16.0,10.8,43,16%,16.0,"IPP,P120,P210,P450,PE365,MGTe"
Brahman,OBGP 4947,09/17,KEMBALI OB,G,OBGP 1193,57,OBGP 4947 09/17 KEMBALI OB G OBGP 1193 -0.54 31 24% 4.19 45 13% 5.82 46 7% 6.78 48 33% 0.41 73 26% 144 3 13.28 31 8%,-0.54,31,24%,24.0,4.19,45,13%,13.0,5.82,46,7%,7.0,6.78,48,33%,33.0,0.41,73,26%,26.0,13.28,31,8%,8.0,"IPP,P120,P210,P450,PE365,MGTe"
Brahman,AMRO 480,07/10,MR BR 77 480,G,AMRO 95,57,AMRO 480 07/10 MR BR 77 480 G AMRO 95 -0.20 43 62% 7.98 49 2% 5.43 46 8% 12.09 38 9% -0.16 73 92% 186 5 10.62 38 17%,-0.2,43,62%,62.0,7.98,49,2%,2.0,5.43,46,8%,8.0,12.09,38,9%,9.0,-0.16,73,92%,92.0,10.62,38,17%,17.0,"IPP,P120,P210,P450,PE365,MGTe"
Brahman,OBGP 1193,09/09,MATRIX OB,G,OBGP 367,57,OBGP 1193 09/09 MATRIX OB G OBGP 367 -0.55 59 23% 6.08 74 5% 5.27 76 8% 14.95 79 3% 0.28 86 44% 617 8 14.95 59 5%,-0.55,59,23%,23.0,6.08,74,5%,5.0,5.27,76,8%,8.0,14.95,79,3%,3.0,0.28,86,44%,44.0,14.95,59,5%,5.0,"IPP,P120,P210,P450,PE365,MGTe"
Brahman,OBGP 5647,08/20,JAPENGO OB,G,OBGP 3777,57,OBGP 5647 08/20 JAPENGO OB G OBGP 3777 -0.57 43 21% 4.61 44 11% 5.22 49 8% 14.36 47 3% 0.48 50 18% 18 1 11.75 40 13%,-0.57,43,21%,21.0,4.61,44,11%,11.0,5.22,49,8%,8.0,14.36,47,3%,3.0,0.48,50,18%,18.0,11.75,40,13%,13.0,"IPP,P120,P210,P450,PE365,MGTe"
Brahman,AMRO 1392,05/16,MR BR 77 1392,G,864762,57,AMRO 1392 05/16 MR BR 77 1392 G 864762 -0.47 44 29% 5.35 51 8% 5.00 54 9% 9.47 54 17% 0.43 74 23% 161 4 10.79 39 16%,-0.47,44,29%,29.0,5.35,51,8%,8.0,5.0,54,9%,9.0,9.47,54,17%,17.0,0.43,74,23%,23.0,10.79,39,16%,16.0,"IPP,P120,P210,P450,PE365,MGTe"
Brahman,AMRO 1270,10/15,MR BR 77 1270,G,AMRO 806,57,AMRO 1270 10/15 MR BR 77 1270 G AMRO 806 0.00 43 85% 7.04 70 3% 4.79 71 10% 5.63 72 46% 0.73 83 3% 411 8 7.50 38 34%,0.0,43,85%,85.0,7.04,70,3%,3.0,4.79,71,10%,10.0,5.63,72,46%,46.0,0.73,83,3%,3.0,7.5,38,34%,34.0,"IPP,P120,P210,P450,PE365,MGTe"
Brahman,190825EE,09/19,190825 DE ESPIRITU,G,040479EE,57,190825EE 09/19 190825 DE ESPIRITU G 040479EE 0.49 44 100% 3.19 38 20% 4.72 41 10% 8.71 45 21% 0.32 50 37% 17 1 15.49 41 4%,0.49,44,100%,100.0,3.19,38,20%,20.0,4.72,41,10%,10.0,8.71,45,21%,21.0,0.32,50,37%,37.0,15.49,41,4%,4.0,"IPP,P120,P210,P450,PE365,MGTe"
Brahman,OBGP 5763,12/20,ASSOTAKAN OB,G,OBGP 4984,57,"OBGP 5763 12/20 ASSOTAKAN OB G OBGP 4984 -0.55 34 23% 6.15 42 5% 4.56 43 11% 18.57 43 0,5% 0.38 50 29% 16 2 16.98 34 2%",-0.55,34,23%,23.0,6.15,42,5%,5.0,4.56,43,11%,11.0,18.57,43,"0,5%",0.5,0.38,50,29%,29.0,16.98,34,2%,2.0,"IPP,P120,P210,P450,PE365,MGTe"
Brahman,210012EE,07/21,APOLO DE ESPIRITU,G,UBER 1622,57,210012EE 07/21 APOLO DE ESPIRITU G UBER 1622 -0.22 31 59% 6.50 42 4% 4.46 49 11% 12.06 48 9% 0.38 46 29% 23 2 11.88 31 12%,-0.22,31,59%,59.0,6.5,42,4%,4.0,4.46,49,11%,11.0,12.06,48,9%,9.0,0.38,46,29%,29.0,11.88,31,12%,12.0,"IPP,P120,P210,P450,PE365,MGTe"
Brahman,OBGP 5677,10/20,SERPENTINO OB,G,OBGP 4230,57,OBGP 5677 10/20 SERPENTINO OB G OBGP 4230 -0.29 45 47% 6.79 42 4% 4.44 41 11% 12.69 49 7% 0.35 56 33% 78 2 17.40 40 2%,-0.29,45,47%,47.0,6.79,42,4%,4.0,4.44,41,11%,11.0,12.69,49,7%,7.0,0.35,56,33%,33.0,17.4,40,2%,2.0,"IPP,P120,P210,P450,PE365,MGTe"
Brahman,CABR 2737,05/18,CABR RAMIRO 2737,,CABR 1729,57,"CABR 2737 05/18 CABR RAMIRO 2737 CABR 1729 -1.04 8 2% 4.41 34 12% 4.37 43 12% 11.50 42 10% 0.59 62 8% 56 1 21.64 8 0,5%",-1.04,8,2%,2.0,4.41,34,12%,12.0,4.37,43,12%,12.0,11.5,42,10%,10.0,0.59,62,8%,8.0,21.64,8,"0,5%",0.5,"IPP,P120,P210,P450,PE365,MGTe"
Brahman,UBER 1622,09/17,MR UBER BACKUP 1622,G,UBER 461,57,"UBER 1622 09/17 MR UBER BACKUP 1622 G UBER 461 -0.04 43 80% 10.15 59 0,1% 4.08 63 13% 15.26 57 3% 0.33 70 36% 162 4 16.56 39 3%",-0.04,43,80%,80.0,10.15,59,"0,1%",0.1,4.08,63,13%,13.0,15.26,57,3%,3.0,0.33,70,36%,36.0,16.56,39,3%,3.0,"IPP,P120,P210,P450,PE365,MGTe"
Brahman,LLBR 666,07/17,MISTER INCA SHOW,,AMRO 97,57,LLBR 666 07/17 MISTER INCA SHOW AMRO 97 -0.60 7 19% 0.66 27 51% 4.05 51 13% 16.48 49 2% 0.62 57 7% 64 1 9.55 7 22%,-0.6,7,19%,19.0,0.66,27,51%,51.0,4.05,51,13%,13.0,16.48,49,2%,2.0,0.62,57,7%,7.0,9.55,7,22%,22.0,"IPP,P120,P210,P450,PE365,MGTe"
Brahman,UBER 1904,05/21,UBER 1904 - MORPHEUS,G,OBGP 1193,57,UBER 1904 05/21 UBER 1904 - MORPHEUS G OBGP 1193 -0.07 44 78% 5.53 44 8% 4.05 48 13% 18.20 51 1% 0.31 43 39% 32 2 14.62 43 6%,-0.07,44,78%,78.0,5.53,44,8%,8.0,4.05,48,13%,13.0,18.2,51,1%,1.0,0.31,43,39%,39.0,14.62,43,6%,6.0,"IPP,P120,P210,P450,PE365,MGTe"
Brahman,190816EE,09/19,ACRON DE ESPÃ•RITU,G,100826EE,57,190816EE 09/19 ACRON DE ESPÃ•RITU G 100826EE 0.00 31 85% 5.11 62 9% 3.98 64 13% 16.14 61 2% 0.58 75 9% 184 3 17.11 31 2%,0.0,31,85%,85.0,5.11,62,9%,9.0,3.98,64,13%,13.0,16.14,61,2%,2.0,0.58,75,9%,9.0,17.11,31,2%,2.0,"IPP,P120,P210,P450,PE365,MGTe"
Brahman,AMRO 806,11/12,MR BR 77 806 FIV,G,727046,57,AMRO 806 11/12 MR BR 77 806 FIV G 727046 -0.19 46 63% 7.66 61 2% 3.98 64 13% 12.32 63 8% 0.34 78 35% 343 8 12.03 44 12%,-0.19,46,63%,63.0,7.66,61,2%,2.0,3.98,64,13%,13.0,12.32,63,8%,8.0,0.34,78,35%,35.0,12.03,44,12%,12.0,"IPP,P120,P210,P450,PE365,MGTe"
Brahman,OBGP 5947,12/21,ADEPTO OB,G,OBGP 4947,57,OBGP 5947 12/21 ADEPTO OB G OBGP 4947 -0.87 47 6% 5.87 46 7% 3.89 48 14% 15.04 48 3% 0.56 42 10% 33 1 16.68 41 3%,-0.87,47,6%,6.0,5.87,46,7%,7.0,3.89,48,14%,14.0,15.04,48,3%,3.0,0.56,42,10%,10.0,16.68,41,3%,3.0,"IPP,P120,P210,P450,PE365,MGTe"
Brahman,202070EE,11/20,202070 DE ESPIRITU,G,160887EE,57,"202070EE 11/20 202070 DE ESPIRITU G 160887EE 0.33 43 100% 5.55 47 7% 3.88 46 14% 12.92 42 6% 0.61 45 7% 12 1 20.44 42 0,5%",0.33,43,100%,100.0,5.55,47,7%,7.0,3.88,46,14%,14.0,12.92,42,6%,6.0,0.61,45,7%,7.0,20.44,42,"0,5%",0.5,"IPP,P120,P210,P450,PE365,MGTe"
Brahman,KDO 4942,08/18,DON JUAN DE K DE ORO,G,BRCL 694,57,KDO 4942 08/18 DON JUAN DE K DE ORO G BRCL 694 -1.11 43 1% 0.61 41 52% 3.84 48 14% 10.90 42 12% 0.60 51 8% 48 1 15.94 42 4%,-1.11,43,1%,1.0,0.61,41,52%,52.0,3.84,48,14%,14.0,10.9,42,12%,12.0,0.6,51,8%,8.0,15.94,42,4%,4.0,"IPP,P120,P210,P450,PE365,MGTe"
Brahman,202068EE,11/20,BROTEAS DE ESPÃ•RITU,G,161487EE,57,202068EE 11/20 BROTEAS DE ESPÃ•RITU G 161487EE 0.13 46 95% 5.04 58 9% 3.72 58 14% 16.28 51 2% 0.52 66 13% 147 3 17.88 39 2%,0.13,46,95%,95.0,5.04,58,9%,9.0,3.72,58,14%,14.0,16.28,51,2%,2.0,0.52,66,13%,13.0,17.88,39,2%,2.0,"IPP,P120,P210,P450,PE365,MGTe"
Brahman,UBER 656,12/10,MR UBER POI 656,G,718788,57,"UBER 656 12/10 MR UBER POI 656 G 718788 -0.52 31 25% 10.43 59 0,1% 3.69 62 15% 8.60 60 22% 0.61 76 7% 188 7 18.42 31 1%",-0.52,31,25%,25.0,10.43,59,"0,1%",0.1,3.69,62,15%,15.0,8.6,60,22%,22.0,0.61,76,7%,7.0,18.42,31,1%,1.0,"IPP,P120,P210,P450,PE365,MGTe"
Brahman,LIB 2056,10/17,CABANHA LIBRA,,2056 660295,57,LIB 2056 10/17 CABANHA LIBRA 2056 660295 -0.67 18 14% 3.33 37 19% 3.68 46 15% 10.43 11 14% 0.40 47 27% 83 1 11.19 11 15%,-0.67,18,14%,14.0,3.33,37,19%,19.0,3.68,46,15%,15.0,10.43,11,14%,14.0,0.4,47,27%,27.0,11.19,11,15%,15.0,"IPP,P120,P210,P450,PE365,MGTe"
Brahman,UBER 401,02/09,MR UBER POI 401,G,718788,57,UBER 401 02/09 MR UBER POI 401 G 718788 -0.46 48 30% 3.16 56 20% 3.65 59 15% 10.19 63 15% 0.36 71 32% 119 9 15.23 48 5%,-0.46,48,30%,30.0,3.16,56,20%,20.0,3.65,59,15%,15.0,10.19,63,15%,15.0,0.36,71,32%,32.0,15.23,48,5%,5.0,"IPP,P120,P210,P450,PE365,MGTe"
Brahman,BRCL 694,11/11,MR BCOL FRATELLO,,GOOD 92,57,"BRCL 694 11/11 MR BCOL FRATELLO GOOD 92 -0.74 26 10% 4.84 39 10% 3.44 47 16% 16.90 46 1% 0.66 61 4% 85 2 21.57 12 0,5%",-0.74,26,10%,10.0,4.84,39,10%,10.0,3.44,47,16%,16.0,16.9,46,1%,1.0,0.66,61,4%,4.0,21.57,12,"0,5%",0.5,"IPP,P120,P210,P450,PE365,MGTe"
Brahman,NOG 2697,03/20,2697 DE NOGAL DEL RIO,G,WRRB 115,57,NOG 2697 03/20 2697 DE NOGAL DEL RIO G WRRB 115 -0.23 36 57% 0.29 50 58% 3.27 42 17% 12.90 44 6% 0.23 46 51% 24 1 13.80 36 7%,-0.23,36,57%,57.0,0.29,50,58%,58.0,3.27,42,17%,17.0,12.9,44,6%,6.0,0.23,46,51%,51.0,13.8,36,7%,7.0,"IPP,P120,P210,P450,PE365,MGTe"
Brahman,UBER 783,10/11,MR UBER POI 783,G,UBER 153,57,UBER 783 10/11 MR UBER POI 783 G UBER 153 0.02 43 88% 0.38 48 57% 3.21 45 17% 4.65 39 66% 0.50 51 16% 11 2 12.49 39 10%,0.02,43,88%,88.0,0.38,48,57%,57.0,3.21,45,17%,17.0,4.65,39,66%,66.0,0.5,51,16%,16.0,12.49,39,10%,10.0,"IPP,P120,P210,P450,PE365,MGTe"
Brahman,210813EE,09/21,210813 DE ESPIRITU,G,181228EE,57,210813EE 09/21 210813 DE ESPIRITU G 181228EE 0.05 35 92% 4.68 48 10% 3.17 44 17% 13.97 50 4% 0.57 47 10% 69 2 14.67 35 6%,0.05,35,92%,92.0,4.68,48,10%,10.0,3.17,44,17%,17.0,13.97,50,4%,4.0,0.57,47,10%,10.0,14.67,35,6%,6.0,"IPP,P120,P210,P450,PE365,MGTe"
Brahman,UBER 461,10/09,MR UBER ARAGUAIA 461,G,UBER 153,57,UBER 461 10/09 MR UBER ARAGUAIA 461 G UBER 153 -0.46 54 30% 3.11 69 20% 3.02 73 18% 3.32 73 77% 0.28 81 44% 312 16 9.69 52 21%,-0.46,54,30%,30.0,3.11,69,20%,20.0,3.02,73,18%,18.0,3.32,73,77%,77.0,0.28,81,44%,44.0,9.69,52,21%,21.0,"IPP,P120,P210,P450,PE365,MGTe"
Brahman,902044,03/11,JDH CLANTON DE,,MANSO 839863,57,"902044 03/11 JDH CLANTON DE MANSO 839863 -1.51 22 0,1% 4.47 51 11% 2.99 53 18% 15.99 71 2% 0.77 71 2% 123 7 13.00 17 9%",-1.51,22,"0,1%",0.1,4.47,51,11%,11.0,2.99,53,18%,18.0,15.99,71,2%,2.0,0.77,71,2%,2.0,13.0,17,9%,9.0,"IPP,P120,P210,P450,PE365,MGTe"
Brahman,UBER 1506,12/15,MR UBER JATOBA 1506,G,UBER 783,57,UBER 1506 12/15 MR UBER JATOBA 1506 G UBER 783 0.21 37 98% 3.88 59 15% 2.70 62 20% 11.21 59 11% 0.35 71 33% 161 5 12.04 37 12%,0.21,37,98%,98.0,3.88,59,15%,15.0,2.7,62,20%,20.0,11.21,59,11%,11.0,0.35,71,33%,33.0,12.04,37,12%,12.0,"IPP,P120,P210,P450,PE365,MGTe"
Brahman,210546EE,08/21,SANTO DE ESPIRITU,G,181228EE,57,210546EE 08/21 SANTO DE ESPIRITU G 181228EE 0.69 36 100% 3.70 39 16% 2.69 42 20% 16.28 50 2% 0.61 47 7% 20 2 15.42 36 4%,0.69,36,100%,100.0,3.7,39,16%,16.0,2.69,42,20%,20.0,16.28,50,2%,2.0,0.61,47,7%,7.0,15.42,36,4%,4.0,"IPP,P120,P210,P450,PE365,MGTe"
Brahman,UBER 336,02/08,MR UBER POI 336,G,630321,57,UBER 336 02/08 MR UBER POI 336 G 630321 -0.89 43 5% 2.32 51 27% 2.68 48 20% 7.61 50 27% 0.76 51 2% 34 3 16.15 39 3%,-0.89,43,5%,5.0,2.32,51,27%,27.0,2.68,48,20%,20.0,7.61,50,27%,27.0,0.76,51,2%,2.0,16.15,39,3%,3.0,"IPP,P120,P210,P450,PE365,MGTe"
