breed,animal_id,birth_month_year,animal_name,sex,sire,source_page,source_raw,P450dep,P450ac,P450top,P450top_pct,CARdep,CARac,CARtop,CARtop_pct,AOLdep,AOLac,AOLtop,AOLtop_pct,ACABdep,ACABac,ACABtop,ACABtop_pct,MARdep,MARac,MARtop,MARtop_pct,MGTe_F1dep,MGTe_F1ac,MGTe_F1top,MGTe_F1top_pct,MGTedep,MGTeac,MGTetop,MGTetop_pct,metric_order
Nelore,FANO 3732,09/21,FINLANDES DA AGRONOVA,G,REMP 816,18,"FANO 3732 09/21 FINLANDES DA AGRONOVA G REMP 816 45.95 73 0,1% -0.130 50 3% 8.58 66 0,1% 1.45 67 0,1% 0.30 63 0,1% 48.73 50 0,1% 35.67 48 0,5%",45.95,73,"0,1%",0.1,-0.13,50,3%,3.0,8.58,66,"0,1%",0.1,1.45,67,"0,1%",0.1,0.3,63,"0,1%",0.1,48.73,50,"0,1%",0.1,35.67,48,"0,5%",0.5,"P450,CAR,AOL,ACAB,MAR,MGTe_F1,MGTe"
Nelore,MMLN 1492,08/22,YURI FIV CATARINA,G,REMP 816,18,"MMLN 1492 08/22 YURI FIV CATARINA G REMP 816 47.96 66 0,1% -0.069 41 24% 5.15 64 2% 1.69 63 0,1% 0.21 58 1% 41.84 41 0,1% 36.63 47 0,1%",47.96,66,"0,1%",0.1,-0.069,41,24%,24.0,5.15,64,2%,2.0,1.69,63,"0,1%",0.1,0.21,58,1%,1.0,41.84,41,"0,1%",0.1,36.63,47,"0,1%",0.1,"P450,CAR,AOL,ACAB,MAR,MGTe_F1,MGTe"
Nelore,GFC 1075,11/20,NERO DO MORRO,G,REM A1576,18,"GFC 1075 11/20 NERO DO MORRO G REM A1576 30.63 84 4% -0.134 42 2% 5.14 81 3% 1.57 78 0,1% 0.26 78 0,5% 40.84 42 0,1% 30.92 44 3%",30.63,84,4%,4.0,-0.134,42,2%,2.0,5.14,81,3%,3.0,1.57,78,"0,1%",0.1,0.26,78,"0,5%",0.5,40.84,42,"0,1%",0.1,30.92,44,3%,3.0,"P450,CAR,AOL,ACAB,MAR,MGTe_F1,MGTe"
Nelore,FANO 3294,12/20,ELO DA AGRONOVA,G,PAU 2753,18,"FANO 3294 12/20 ELO DA AGRONOVA G PAU 2753 30.13 84 5% -0.115 58 5% 8.02 81 0,1% 1.24 79 0,5% 0.18 82 2% 39.76 58 0,1% 31.70 49 3%",30.13,84,5%,5.0,-0.115,58,5%,5.0,8.02,81,"0,1%",0.1,1.24,79,"0,5%",0.5,0.18,82,2%,2.0,39.76,58,"0,1%",0.1,31.7,49,3%,3.0,"P450,CAR,AOL,ACAB,MAR,MGTe_F1,MGTe"
Nelore,FLPE 8541,10/21,ANGICO FIV DA COMETA,G,REMP 816,18,"FLPE 8541 10/21 ANGICO FIV DA COMETA G REMP 816 37.51 71 1% -0.072 43 22% 5.58 66 2% 1.37 65 0,5% 0.30 59 0,1% 39.29 43 0,1% 32.03 46 3%",37.51,71,1%,1.0,-0.072,43,22%,22.0,5.58,66,2%,2.0,1.37,65,"0,5%",0.5,0.3,59,"0,1%",0.1,39.29,43,"0,1%",0.1,32.03,46,3%,3.0,"P450,CAR,AOL,ACAB,MAR,MGTe_F1,MGTe"
Nelore,ANP 1081,10/21,CORINGA DA ANP,G,REMP 816,18,"ANP 1081 10/21 CORINGA DA ANP G REMP 816 35.48 70 2% -0.121 43 4% 6.32 67 0,5% 1.24 65 0,5% 0.23 62 0,5% 39.10 43 0,1% 31.11 45 3%",35.48,70,2%,2.0,-0.121,43,4%,4.0,6.32,67,"0,5%",0.5,1.24,65,"0,5%",0.5,0.23,62,"0,5%",0.5,39.1,43,"0,1%",0.1,31.11,45,3%,3.0,"P450,CAR,AOL,ACAB,MAR,MGTe_F1,MGTe"
Nelore,EPCF 4353,08/20,ROLEX FIV DA TERRA BR,G,REM A1811,18,"EPCF 4353 08/20 ROLEX FIV DA TERRA BR G REM A1811 37.22 89 1% -0.090 45 11% 7.47 91 0,1% 1.13 88 1% 0.22 90 1% 38.79 45 0,1% 34.75 49 1%",37.22,89,1%,1.0,-0.09,45,11%,11.0,7.47,91,"0,1%",0.1,1.13,88,1%,1.0,0.22,90,1%,1.0,38.79,45,"0,1%",0.1,34.75,49,1%,1.0,"P450,CAR,AOL,ACAB,MAR,MGTe_F1,MGTe"
Nelore,REMC A4890,11/21,REM4890L GENETICA ADI,G,REMP 816,18,"REMC A4890 11/21 REM4890L GENETICA ADI G REMP 816 35.94 71 2% -0.057 45 31% 5.10 66 3% 1.58 65 0,1% 0.16 63 3% 37.06 45 0,1% 29.84 49 4%",35.94,71,2%,2.0,-0.057,45,31%,31.0,5.1,66,3%,3.0,1.58,65,"0,1%",0.1,0.16,63,3%,3.0,37.06,45,"0,1%",0.1,29.84,49,4%,4.0,"P450,CAR,AOL,ACAB,MAR,MGTe_F1,MGTe"
Nelore,RDM A5458,07/21,A5458 MAT. (GUAPORE,M,G REMP 816,18,"RDM A5458 07/21 A5458 MAT. (GUAPORE M G REMP 816 39.37 71 0,5% -0.082 49 16% 4.91 66 3% 1.29 66 0,5% 0.25 62 0,5% 36.96 49 0,1% 33.33 36 2%",39.37,71,"0,5%",0.5,-0.082,49,16%,16.0,4.91,66,3%,3.0,1.29,66,"0,5%",0.5,0.25,62,"0,5%",0.5,36.96,49,"0,1%",0.1,33.33,36,2%,2.0,"P450,CAR,AOL,ACAB,MAR,MGTe_F1,MGTe"
Nelore,EAO B7502,09/21,ELO FIV DA EAO (B7502,G,REM A1936,18,"EAO B7502 09/21 ELO FIV DA EAO (B7502 G REM A1936 33.91 69 2% -0.031 51 48% 4.91 68 3% 1.43 66 0,1% 0.30 64 0,1% 36.80 51 0,1% 33.15 47 2%",33.91,69,2%,2.0,-0.031,51,48%,48.0,4.91,68,3%,3.0,1.43,66,"0,1%",0.1,0.3,64,"0,1%",0.1,36.8,51,"0,1%",0.1,33.15,47,2%,2.0,"P450,CAR,AOL,ACAB,MAR,MGTe_F1,MGTe"
Nelore,FLOC 517,11/21,GÃŠNESIS FIV FLOC,G,REMP 816,18,"FLOC 517 11/21 GÃŠNESIS FIV FLOC G REMP 816 38.31 69 1% -0.070 43 23% 6.86 63 0,1% 1.00 63 2% 0.25 58 0,5% 36.57 43 0,1% 36.50 46 0,1%",38.31,69,1%,1.0,-0.07,43,23%,23.0,6.86,63,"0,1%",0.1,1.0,63,2%,2.0,0.25,58,"0,5%",0.5,36.57,43,"0,1%",0.1,36.5,46,"0,1%",0.1,"P450,CAR,AOL,ACAB,MAR,MGTe_F1,MGTe"
Nelore,EAO B1830,08/19,CAPITAL FIV DA EAO,G,LBMN D4685,18,"EAO B1830 08/19 CAPITAL FIV DA EAO G LBMN D4685 27.03 75 8% -0.145 44 2% 3.20 67 12% 1.43 66 0,1% 0.27 62 0,1% 36.03 44 0,1% 28.52 51 5%",27.03,75,8%,8.0,-0.145,44,2%,2.0,3.2,67,12%,12.0,1.43,66,"0,1%",0.1,0.27,62,"0,1%",0.1,36.03,44,"0,1%",0.1,28.52,51,5%,5.0,"P450,CAR,AOL,ACAB,MAR,MGTe_F1,MGTe"
Nelore,HORA 3948,07/19,ITO TE DA HORA,G,REMC 5326,18,"HORA 3948 07/19 ITO TE DA HORA G REMC 5326 25.50 76 10% -0.240 50 0,1% 5.82 69 1% 0.78 69 4% 0.23 63 0,5% 35.65 50 0,1% 30.20 51 4%",25.5,76,10%,10.0,-0.24,50,"0,1%",0.1,5.82,69,1%,1.0,0.78,69,4%,4.0,0.23,63,"0,5%",0.5,35.65,50,"0,1%",0.1,30.2,51,4%,4.0,"P450,CAR,AOL,ACAB,MAR,MGTe_F1,MGTe"
Nelore,BOA A3238,06/22,QUARTZO FIV TERRA BOA,G,REM A1936,18,"BOA A3238 06/22 QUARTZO FIV TERRA BOA G REM A1936 29.04 68 6% -0.160 40 1% 4.54 61 4% 1.39 62 0,1% 0.10 57 9% 35.28 40 0,1% 30.13 45 4%",29.04,68,6%,6.0,-0.16,40,1%,1.0,4.54,61,4%,4.0,1.39,62,"0,1%",0.1,0.1,57,9%,9.0,35.28,40,"0,1%",0.1,30.13,45,4%,4.0,"P450,CAR,AOL,ACAB,MAR,MGTe_F1,MGTe"
Nelore,FANO 2762,01/20,DIPLOMATA DA AGRONOVA,G,REM A7,18,"FANO 2762 01/20 DIPLOMATA DA AGRONOVA G REM A7 33.52 97 3% -0.130 89 3% 5.50 96 2% 1.21 97 1% 0.11 95 8% 34.81 89 0,1% 32.98 82 2%",33.52,97,3%,3.0,-0.13,89,3%,3.0,5.5,96,2%,2.0,1.21,97,1%,1.0,0.11,95,8%,8.0,34.81,89,"0,1%",0.1,32.98,82,2%,2.0,"P450,CAR,AOL,ACAB,MAR,MGTe_F1,MGTe"
Nelore,ANP 1101,10/21,CAPITÃƒO DA ANP,G,REMP 816,18,"ANP 1101 10/21 CAPITÃƒO DA ANP G REMP 816 34.01 68 2% -0.023 42 53% 6.46 62 0,5% 1.22 62 1% 0.20 59 2% 34.81 42 0,1% 30.19 30 4%",34.01,68,2%,2.0,-0.023,42,53%,53.0,6.46,62,"0,5%",0.5,1.22,62,1%,1.0,0.2,59,2%,2.0,34.81,42,"0,1%",0.1,30.19,30,4%,4.0,"P450,CAR,AOL,ACAB,MAR,MGTe_F1,MGTe"
Nelore,EAO B4846,08/20,DECRETO FIV DA EAO,G,LBMN D4685,18,"EAO B4846 08/20 DECRETO FIV DA EAO G LBMN D4685 24.89 77 11% -0.120 46 4% 3.15 74 13% 1.67 73 0,1% 0.14 64 4% 34.60 46 0,1% 29.03 50 5%",24.89,77,11%,11.0,-0.12,46,4%,4.0,3.15,74,13%,13.0,1.67,73,"0,1%",0.1,0.14,64,4%,4.0,34.6,46,"0,1%",0.1,29.03,50,5%,5.0,"P450,CAR,AOL,ACAB,MAR,MGTe_F1,MGTe"
Nelore,PHOC 1882,10/20,1882 FIV PHOC,G,GRI B2887,18,"PHOC 1882 10/20 1882 FIV PHOC G GRI B2887 31.41 70 4% -0.063 42 27% 6.17 68 0,5% 1.14 67 1% 0.21 63 1% 34.57 42 0,1% 32.62 31 2%",31.41,70,4%,4.0,-0.063,42,27%,27.0,6.17,68,"0,5%",0.5,1.14,67,1%,1.0,0.21,63,1%,1.0,34.57,42,"0,1%",0.1,32.62,31,2%,2.0,"P450,CAR,AOL,ACAB,MAR,MGTe_F1,MGTe"
Nelore,REM 12551,08/22,REM MAESTRO GENETICA,G,REMP 816,18,"REM 12551 08/22 REM MAESTRO GENETICA G REMP 816 24.25 66 12% -0.078 46 19% 5.12 62 3% 1.48 61 0,1% 0.15 58 4% 34.56 46 0,1% 27.75 32 6%",24.25,66,12%,12.0,-0.078,46,19%,19.0,5.12,62,3%,3.0,1.48,61,"0,1%",0.1,0.15,58,4%,4.0,34.56,46,"0,1%",0.1,27.75,32,6%,6.0,"P450,CAR,AOL,ACAB,MAR,MGTe_F1,MGTe"
Nelore,REM 11271,08/20,REM JATO GEN. ADT,G,REM A1576,18,"REM 11271 08/20 REM JATO GEN. ADT G REM A1576 28.71 90 6% -0.039 68 43% 5.29 82 2% 1.39 81 0,1% 0.19 82 2% 34.12 68 0,1% 29.80 48 4%",28.71,90,6%,6.0,-0.039,68,43%,43.0,5.29,82,2%,2.0,1.39,81,"0,1%",0.1,0.19,82,2%,2.0,34.12,68,"0,1%",0.1,29.8,48,4%,4.0,"P450,CAR,AOL,ACAB,MAR,MGTe_F1,MGTe"
Nelore,FANO 2523,11/19,DONALD DA AGRONOVA,G,MATI 1788,18,"FANO 2523 11/19 DONALD DA AGRONOVA G MATI 1788 24.96 85 11% -0.099 56 8% 5.28 77 2% 1.19 74 1% 0.21 71 1% 33.79 56 0,1% 31.10 50 3%",24.96,85,11%,11.0,-0.099,56,8%,8.0,5.28,77,2%,2.0,1.19,74,1%,1.0,0.21,71,1%,1.0,33.79,56,"0,1%",0.1,31.1,50,3%,3.0,"P450,CAR,AOL,ACAB,MAR,MGTe_F1,MGTe"
Nelore,FANO 3542,02/21,EPITACIO DA AGRONOVA,G,ACNP 3146,18,"FANO 3542 02/21 EPITACIO DA AGRONOVA G ACNP 3146 45.29 71 0,1% -0.190 59 0,1% 7.01 71 0,1% 0.46 69 10% 0.11 68 8% 33.38 59 0,1% 38.08 49 0,1%",45.29,71,"0,1%",0.1,-0.19,59,"0,1%",0.1,7.01,71,"0,1%",0.1,0.46,69,10%,10.0,0.11,68,8%,8.0,33.38,59,"0,1%",0.1,38.08,49,"0,1%",0.1,"P450,CAR,AOL,ACAB,MAR,MGTe_F1,MGTe"
Nelore,EAO B4381,08/20,DUCATTI DA EAO,G,REM A1936,18,"EAO B4381 08/20 DUCATTI DA EAO G REM A1936 29.47 83 5% -0.100 46 8% 5.62 71 2% 1.19 70 1% 0.10 59 9% 32.90 46 0,5% 28.64 33 5%",29.47,83,5%,5.0,-0.1,46,8%,8.0,5.62,71,2%,2.0,1.19,70,1%,1.0,0.1,59,9%,9.0,32.9,46,"0,5%",0.5,28.64,33,5%,5.0,"P450,CAR,AOL,ACAB,MAR,MGTe_F1,MGTe"
Nelore,EAO B4051,07/20,D8 DA EAO,G,REM A7,18,"EAO B4051 07/20 D8 DA EAO G REM A7 27.03 95 8% -0.043 76 40% 3.83 90 8% 1.32 90 0,5% 0.29 91 0,1% 32.81 76 0,5% 31.99 47 3%",27.03,95,8%,8.0,-0.043,76,40%,40.0,3.83,90,8%,8.0,1.32,90,"0,5%",0.5,0.29,91,"0,1%",0.1,32.81,76,"0,5%",0.5,31.99,47,3%,3.0,"P450,CAR,AOL,ACAB,MAR,MGTe_F1,MGTe"
Nelore,FLPE 8552,10/21,APEROL FIV DA COMETA,G,JHVM 17499,18,"FLPE 8552 10/21 APEROL FIV DA COMETA G JHVM 17499 17.18 60 25% -0.032 46 47% 2.40 58 19% 1.98 57 0,1% 0.15 51 4% 32.64 46 0,5% 20.83 40 17%",17.18,60,25%,25.0,-0.032,46,47%,47.0,2.4,58,19%,19.0,1.98,57,"0,1%",0.1,0.15,51,4%,4.0,32.64,46,"0,5%",0.5,20.83,40,17%,17.0,"P450,CAR,AOL,ACAB,MAR,MGTe_F1,MGTe"
Nelore,EAO B8886,01/22,EMBAIXADOR FIV EAO,G,REM A1576,18,"EAO B8886 01/22 EMBAIXADOR FIV EAO G REM A1576 35.83 70 2% -0.010 50 61% 7.54 68 0,1% 1.02 68 2% 0.11 62 8% 32.53 50 0,5% 36.56 47 0,1%",35.83,70,2%,2.0,-0.01,50,61%,61.0,7.54,68,"0,1%",0.1,1.02,68,2%,2.0,0.11,62,8%,8.0,32.53,50,"0,5%",0.5,36.56,47,"0,1%",0.1,"P450,CAR,AOL,ACAB,MAR,MGTe_F1,MGTe"
Nelore,JAPA 11028,12/21,11028 FIV JAPARANDUBA,G,SINO 1730,18,"JAPA 11028 12/21 11028 FIV JAPARANDUBA G SINO 1730 37.69 69 1% -0.183 48 0,5% 7.04 66 0,1% 0.39 65 12% 0.17 61 3% 32.40 48 0,5% 34.55 50 1%",37.69,69,1%,1.0,-0.183,48,"0,5%",0.5,7.04,66,"0,1%",0.1,0.39,65,12%,12.0,0.17,61,3%,3.0,32.4,48,"0,5%",0.5,34.55,50,1%,1.0,"P450,CAR,AOL,ACAB,MAR,MGTe_F1,MGTe"
Nelore,FANO 2491,11/19,DOUSE DA AGRONOVA,G,REMC A331,18,"FANO 2491 11/19 DOUSE DA AGRONOVA G REMC A331 30.76 79 4% -0.150 69 1% 7.98 80 0,1% 0.53 77 8% 0.13 77 5% 32.34 69 0,5% 35.29 51 0,5%",30.76,79,4%,4.0,-0.15,69,1%,1.0,7.98,80,"0,1%",0.1,0.53,77,8%,8.0,0.13,77,5%,5.0,32.34,69,"0,5%",0.5,35.29,51,"0,5%",0.5,"P450,CAR,AOL,ACAB,MAR,MGTe_F1,MGTe"
Nelore,RDM A3560,07/20,FEDERAL MAT.,G,REMC 8332,18,"RDM A3560 07/20 FEDERAL MAT. G REMC 8332 36.49 67 1% -0.280 48 0,1% 6.07 65 1% 0.19 64 22% 0.20 61 2% 32.34 48 0,5% 31.92 47 3%",36.49,67,1%,1.0,-0.28,48,"0,1%",0.1,6.07,65,1%,1.0,0.19,64,22%,22.0,0.2,61,2%,2.0,32.34,48,"0,5%",0.5,31.92,47,3%,3.0,"P450,CAR,AOL,ACAB,MAR,MGTe_F1,MGTe"
Nelore,EAO B1789,08/19,1789 FIV DA EAO,G,LBMN D4685,18,"EAO B1789 08/19 1789 FIV DA EAO G LBMN D4685 30.21 88 5% -0.219 56 0,1% 4.62 85 4% 0.63 86 6% 0.24 85 0,5% 32.27 56 0,5% 28.83 51 5%",30.21,88,5%,5.0,-0.219,56,"0,1%",0.1,4.62,85,4%,4.0,0.63,86,6%,6.0,0.24,85,"0,5%",0.5,32.27,56,"0,5%",0.5,28.83,51,5%,5.0,"P450,CAR,AOL,ACAB,MAR,MGTe_F1,MGTe"
Nelore,HORA 5989,10/21,LA PORTE TE DA HORA,G,HORA 3150,18,"HORA 5989 10/21 LA PORTE TE DA HORA G HORA 3150 31.83 74 4% -0.270 44 0,1% 4.95 65 3% 0.21 66 21% 0.32 61 0,1% 32.03 44 0,5% 29.54 48 4%",31.83,74,4%,4.0,-0.27,44,"0,1%",0.1,4.95,65,3%,3.0,0.21,66,21%,21.0,0.32,61,"0,1%",0.1,32.03,44,"0,5%",0.5,29.54,48,4%,4.0,"P450,CAR,AOL,ACAB,MAR,MGTe_F1,MGTe"
Nelore,FGP A2101,07/21,HEROICO FIV GUADALUPE,G,REMP 816,18,"FGP A2101 07/21 HEROICO FIV GUADALUPE G REMP 816 32.04 67 3% -0.111 42 5% 4.40 65 5% 1.10 65 1% 0.16 61 3% 31.88 42 0,5% 31.16 46 3%",32.04,67,3%,3.0,-0.111,42,5%,5.0,4.4,65,5%,5.0,1.1,65,1%,1.0,0.16,61,3%,3.0,31.88,42,"0,5%",0.5,31.16,46,3%,3.0,"P450,CAR,AOL,ACAB,MAR,MGTe_F1,MGTe"
Nelore,CANO 4730,10/21,DEPORTE,G,REM A1936,18,"CANO 4730 10/21 DEPORTE G REM A1936 30.25 68 5% -0.023 43 53% 4.61 62 4% 1.44 61 0,1% 0.12 57 7% 31.82 43 0,5% 27.26 46 7%",30.25,68,5%,5.0,-0.023,43,53%,53.0,4.61,62,4%,4.0,1.44,61,"0,1%",0.1,0.12,57,7%,7.0,31.82,43,"0,5%",0.5,27.26,46,7%,7.0,"P450,CAR,AOL,ACAB,MAR,MGTe_F1,MGTe"
Nelore,EAO B8074,10/21,B8074 FIV DA EAO (ELE,G,SINO 1730,18,"EAO B8074 10/21 B8074 FIV DA EAO (ELE G SINO 1730 37.34 69 1% -0.140 51 2% 6.29 67 0,5% 0.61 66 6% 0.16 64 3% 31.74 51 0,5% 35.91 46 0,5%",37.34,69,1%,1.0,-0.14,51,2%,2.0,6.29,67,"0,5%",0.5,0.61,66,6%,6.0,0.16,64,3%,3.0,31.74,51,"0,5%",0.5,35.91,46,"0,5%",0.5,"P450,CAR,AOL,ACAB,MAR,MGTe_F1,MGTe"
Nelore,REMP 1749,12/21,REM LANCELOT FIV GEN.,G,REMP 816,18,"REMP 1749 12/21 REM LANCELOT FIV GEN. G REMP 816 37.96 69 1% -0.021 51 54% 4.92 66 3% 1.27 65 0,5% 0.12 64 7% 31.74 51 0,5% 34.47 49 1%",37.96,69,1%,1.0,-0.021,51,54%,54.0,4.92,66,3%,3.0,1.27,65,"0,5%",0.5,0.12,64,7%,7.0,31.74,51,"0,5%",0.5,34.47,49,1%,1.0,"P450,CAR,AOL,ACAB,MAR,MGTe_F1,MGTe"
Nelore,MNS 9278,07/18,TROOPER DA ALO BRASIL,G,REMC 5326,18,"MNS 9278 07/18 TROOPER DA ALO BRASIL G REMC 5326 28.63 88 6% -0.072 57 22% 6.79 83 0,1% 1.08 81 1% 0.06 74 20% 31.72 57 0,5% 29.45 56 4%",28.63,88,6%,6.0,-0.072,57,22%,22.0,6.79,83,"0,1%",0.1,1.08,81,1%,1.0,0.06,74,20%,20.0,31.72,57,"0,5%",0.5,29.45,56,4%,4.0,"P450,CAR,AOL,ACAB,MAR,MGTe_F1,MGTe"
Nelore,EAO B5278,09/20,B5278 FIV DA EAO,G,ACNP 3146,18,"EAO B5278 09/20 B5278 FIV DA EAO G ACNP 3146 37.34 77 1% -0.200 44 0,1% 3.31 64 11% 1.01 63 2% 0.09 60 11% 31.60 44 0,5% 32.45 46 2%",37.34,77,1%,1.0,-0.2,44,"0,1%",0.1,3.31,64,11%,11.0,1.01,63,2%,2.0,0.09,60,11%,11.0,31.6,44,"0,5%",0.5,32.45,46,2%,2.0,"P450,CAR,AOL,ACAB,MAR,MGTe_F1,MGTe"
Nelore,FANO 2729,01/20,DOLVE DA AGRONOVA,G,REM A7,18,"FANO 2729 01/20 DOLVE DA AGRONOVA G REM A7 31.71 88 4% -0.008 66 62% 5.79 86 1% 1.16 84 1% 0.17 84 3% 31.53 66 0,5% 33.12 53 2%",31.71,88,4%,4.0,-0.008,66,62%,62.0,5.79,86,1%,1.0,1.16,84,1%,1.0,0.17,84,3%,3.0,31.53,66,"0,5%",0.5,33.12,53,2%,2.0,"P450,CAR,AOL,ACAB,MAR,MGTe_F1,MGTe"
Nelore,REM 12045,08/21,REM LEGACY GEN.ADT,G,REM A1576,18,"REM 12045 08/21 REM LEGACY GEN.ADT G REM A1576 40.35 72 0,5% -0.109 51 5% 6.61 66 0,5% 0.76 65 4% 0.07 43 17% 31.52 43 0,5% 33.60 44 2%",40.35,72,"0,5%",0.5,-0.109,51,5%,5.0,6.61,66,"0,5%",0.5,0.76,65,4%,4.0,0.07,43,17%,17.0,31.52,43,"0,5%",0.5,33.6,44,2%,2.0,"P450,CAR,AOL,ACAB,MAR,MGTe_F1,MGTe"
Nelore,EAO B5221,09/20,DEMOLIDOR FIV DA EAO,G,REM A1936,18,"EAO B5221 09/20 DEMOLIDOR FIV DA EAO G REM A1936 29.85 93 5% -0.091 73 11% 3.86 90 8% 1.10 88 1% 0.23 87 0,5% 31.32 73 0,5% 31.11 48 3%",29.85,93,5%,5.0,-0.091,73,11%,11.0,3.86,90,8%,8.0,1.1,88,1%,1.0,0.23,87,"0,5%",0.5,31.32,73,"0,5%",0.5,31.11,48,3%,3.0,"P450,CAR,AOL,ACAB,MAR,MGTe_F1,MGTe"
