breed,animal_id,birth_month_year,animal_name,sex,sire,source_page,source_raw,MP120dep,MP120ac,MP120top,MP120top_pct,STAYdep,STAYac,STAYtop,STAYtop_pct,P210dep,P210ac,P210top,P210top_pct,P450dep,P450ac,P450top,P450top_pct,PE365dep,PE365ac,PE365top,PE365top_pct,MGTedep,MGTeac,MGTetop,MGTetop_pct,metric_order
Sindi,SOSP 89,08/10,SOSP GERAL,,EMGS 337,75,"SOSP 89 08/10 SOSP GERAL EMGS 337 -1.49 11 100% 63.89 17 42% 10.97 10 2% 8.42 10 14% 4.13 9 0,5% 0 0 28.79 9 1%",-1.49,11,100%,100.0,63.89,17,42%,42.0,10.97,10,2%,2.0,8.42,10,14%,14.0,4.13,9,"0,5%",0.5,28.79,9,1%,1.0,"MP120,STAY,P210,P450,PE365,MGTe"
Sindi,MDVS 2643,03/10,DEVANEIO D,,EMGS 337,75,MDVS 2643 03/10 DEVANEIO D EMGS 337 1.09 10 30% 75.95 11 16% 10.32 14 3% 14.71 8 5% 0.59 13 17% 2 1 25.61 8 2%,1.09,10,30%,30.0,75.95,11,16%,16.0,10.32,14,3%,3.0,14.71,8,5%,5.0,0.59,13,17%,17.0,25.61,8,2%,2.0,"MP120,STAY,P210,P450,PE365,MGTe"
Sindi,AJCA 1613,10/11,UNICEFANO DA ESTIVA,,AJCA 1084,75,AJCA 1613 10/11 UNICEFANO DA ESTIVA AJCA 1084 1.03 11 32% 79.86 6 7% 5.58 20 11% 12.49 9 7% 0.63 15 15% 10 1 23.81 6 3%,1.03,11,32%,32.0,79.86,6,7%,7.0,5.58,20,11%,11.0,12.49,9,7%,7.0,0.63,15,15%,15.0,23.81,6,3%,3.0,"MP120,STAY,P210,P450,PE365,MGTe"
Sindi,AJCA 945,12/06,PINTOR DA ESTIVA,,AJCA 699,75,AJCA 945 12/06 PINTOR DA ESTIVA AJCA 699 -0.41 11 95% 84.84 10 2% -5.15 11 94% 8.64 13 13% 2.33 11 3% 1 1 22.59 10 4%,-0.41,11,95%,95.0,84.84,10,2%,2.0,-5.15,11,94%,94.0,8.64,13,13%,13.0,2.33,11,3%,3.0,22.59,10,4%,4.0,"MP120,STAY,P210,P450,PE365,MGTe"
Sindi,OTPS 202,01/19,GURI FIV OT,,AJCA 1094,75,"OTPS 202 01/19 GURI FIV OT AJCA 1094 1.86 12 11% 89.59 12 0,1% -0.55 27 58% -4.62 11 87% 0.81 33 10% 9 1 21.01 7 5%",1.86,12,11%,11.0,89.59,12,"0,1%",0.1,-0.55,27,58%,58.0,-4.62,11,87%,87.0,0.81,33,10%,10.0,21.01,7,5%,5.0,"MP120,STAY,P210,P450,PE365,MGTe"
Sindi,RAJI 204,03/12,RAJA FIFOSO,,AJCF 47,75,RAJI 204 03/12 RAJA FIFOSO AJCF 47 0.59 10 48% 80.26 12 6% -0.09 27 48% 8.04 20 15% 0.77 35 11% 8 1 19.79 5 6%,0.59,10,48%,48.0,80.26,12,6%,6.0,-0.09,27,48%,48.0,8.04,20,15%,15.0,0.77,35,11%,11.0,19.79,5,6%,6.0,"MP120,STAY,P210,P450,PE365,MGTe"
Sindi,AJCA 1124,01/08,REGISTRO DA ESTIVA,,AJCA 780,75,AJCA 1124 01/08 REGISTRO DA ESTIVA AJCA 780 2.90 14 3% 76.87 9 13% 0.15 41 45% 8.24 19 15% 0.64 27 15% 5 2 19.53 8 7%,2.9,14,3%,3.0,76.87,9,13%,13.0,0.15,41,45%,45.0,8.24,19,15%,15.0,0.64,27,15%,15.0,19.53,8,7%,7.0,"MP120,STAY,P210,P450,PE365,MGTe"
Sindi,JTSJ 76,02/15,HEBREU BOMPASTO,,AJCA 1094,75,JTSJ 76 02/15 HEBREU BOMPASTO AJCA 1094 0.83 10 38% 82.96 9 3% -4.31 16 90% -5.11 10 88% 0.74 32 12% 15 1 18.51 6 8%,0.83,10,38%,38.0,82.96,9,3%,3.0,-4.31,16,90%,90.0,-5.11,10,88%,88.0,0.74,32,12%,12.0,18.51,6,8%,8.0,"MP120,STAY,P210,P450,PE365,MGTe"
Sindi,JHVS 543,01/16,CAMPEAO,,FIV CAMPARINO,75,JHVS 543 01/16 CAMPEAO FIV CAMPARINO 1.91 27 11% 82.21 12 4% -2.05 36 77% 1.92 11 49% 0.24 41 39% 2 1 17.80 11 10%,1.91,27,11%,11.0,82.21,12,4%,4.0,-2.05,36,77%,77.0,1.92,11,49%,49.0,0.24,41,39%,39.0,17.8,11,10%,10.0,"MP120,STAY,P210,P450,PE365,MGTe"
Sindi,AJCF 74,08/09,ALMIRANTE AJCF,,AJCA 780,75,"AJCF 74 08/09 ALMIRANTE AJCF AJCA 780 1.11 8 30% 87.85 10 0,5% 1.04 20 34% 9.25 12 12% -0.23 23 83% 0 0 17.69 8 10%",1.11,8,30%,30.0,87.85,10,"0,5%",0.5,1.04,20,34%,34.0,9.25,12,12%,12.0,-0.23,23,83%,83.0,17.69,8,10%,10.0,"MP120,STAY,P210,P450,PE365,MGTe"
Sindi,FABE 85,10/09,CIBORG DA ASA BRANCA,,EMGS 405,75,FABE 85 10/09 CIBORG DA ASA BRANCA EMGS 405 -0.05 31 87% 74.60 17 20% -1.41 28 71% 8.56 18 14% 0.54 48 20% 6 1 17.48 9 10%,-0.05,31,87%,87.0,74.6,17,20%,20.0,-1.41,28,71%,71.0,8.56,18,14%,14.0,0.54,48,20%,20.0,17.48,9,10%,10.0,"MP120,STAY,P210,P450,PE365,MGTe"
Sindi,JHVS 228,09/14,CRIOLO CAMPARINO,,FABE 85,75,JHVS 228 09/14 CRIOLO CAMPARINO FABE 85 -0.26 21 93% 82.18 12 4% -2.71 31 81% 1.67 16 51% -0.21 44 82% 18 1 17.09 10 12%,-0.26,21,93%,93.0,82.18,12,4%,4.0,-2.71,31,81%,81.0,1.67,16,51%,51.0,-0.21,44,82%,82.0,17.09,10,12%,12.0,"MP120,STAY,P210,P450,PE365,MGTe"
Sindi,CICS 23,04/16,CANRY FIV BAGUASSU,,SHFC 12,75,CICS 23 04/16 CANRY FIV BAGUASSU SHFC 12 2.50 19 5% 75.28 6 18% -3.53 40 85% 0.45 22 60% 0.26 43 38% 21 3 16.71 6 12%,2.5,19,5%,5.0,75.28,6,18%,18.0,-3.53,40,85%,85.0,0.45,22,60%,60.0,0.26,43,38%,38.0,16.71,6,12%,12.0,"MP120,STAY,P210,P450,PE365,MGTe"
Sindi,SOSS 4,01/10,DIVINO FIV CARIRI,,MDVS 1449,75,SOSS 4 01/10 DIVINO FIV CARIRI MDVS 1449 2.94 14 3% 79.74 11 7% -4.01 53 88% -3.78 10 85% 0.59 60 17% 55 1 14.64 9 19%,2.94,14,3%,3.0,79.74,11,7%,7.0,-4.01,53,88%,88.0,-3.78,10,85%,85.0,0.59,60,17%,17.0,14.64,9,19%,19.0,"MP120,STAY,P210,P450,PE365,MGTe"
Sindi,POP 1121,06/06,VINAGRE P,,MDVS 2011,75,POP 1121 06/06 VINAGRE P MDVS 2011 1.04 12 32% 63.91 11 42% 8.82 10 4% 18.00 7 3% -1.13 23 100% 1 1 14.06 7 20%,1.04,12,32%,32.0,63.91,11,42%,42.0,8.82,10,4%,4.0,18.0,7,3%,3.0,-1.13,23,100%,100.0,14.06,7,20%,20.0,"MP120,STAY,P210,P450,PE365,MGTe"
Sindi,JHVS 917,09/17,ELOY FIV CAMPARINO,,AJCA 1827,75,JHVS 917 09/17 ELOY FIV CAMPARINO AJCA 1827 1.43 30 21% 86.02 10 1% -6.18 48 97% -4.11 9 86% -0.17 53 80% 30 1 13.62 9 22%,1.43,30,21%,21.0,86.02,10,1%,1.0,-6.18,48,97%,97.0,-4.11,9,86%,86.0,-0.17,53,80%,80.0,13.62,9,22%,22.0,"MP120,STAY,P210,P450,PE365,MGTe"
Sindi,AJCA 1734,06/12,VILALOBOS DA ESTIVA,,AJCA 814,75,AJCA 1734 06/12 VILALOBOS DA ESTIVA AJCA 814 1.42 10 21% 70.05 13 29% -4.38 23 90% 8.67 8 13% 0.65 31 14% 11 1 13.58 5 22%,1.42,10,21%,21.0,70.05,13,29%,29.0,-4.38,23,90%,90.0,8.67,8,13%,13.0,0.65,31,14%,14.0,13.58,5,22%,22.0,"MP120,STAY,P210,P450,PE365,MGTe"
Sindi,AJCA 3015,08/17,JANIO DA ESTIVA,,AJCF 712,75,AJCA 3015 08/17 JANIO DA ESTIVA AJCF 712 1.10 8 30% 81.01 12 5% -6.73 19 98% -6.48 22 91% 0.56 18 18% 0 0 12.99 8 24%,1.1,8,30%,30.0,81.01,12,5%,5.0,-6.73,19,98%,98.0,-6.48,22,91%,91.0,0.56,18,18%,18.0,12.99,8,24%,24.0,"MP120,STAY,P210,P450,PE365,MGTe"
Sindi,SOSP 263,01/19,POMPEU SOSP,,POP 1121,75,SOSP 263 01/19 POMPEU SOSP POP 1121 -1.35 14 100% 62.86 20 44% 2.39 12 25% 5.88 12 24% 1.34 13 6% 0 0 12.53 10 26%,-1.35,14,100%,100.0,62.86,20,44%,44.0,2.39,12,25%,25.0,5.88,12,24%,24.0,1.34,13,6%,6.0,12.53,10,26%,26.0,"MP120,STAY,P210,P450,PE365,MGTe"
Sindi,AJCA 2889,03/17,JETEU DA ESTIVA,,AJCF 318,75,AJCA 2889 03/17 JETEU DA ESTIVA AJCF 318 0.90 10 36% 58.76 13 51% 6.12 15 9% 11.69 13 8% 0.23 7 40% 0 0 11.13 7 31%,0.9,10,36%,36.0,58.76,13,51%,51.0,6.12,15,9%,9.0,11.69,13,8%,8.0,0.23,7,40%,40.0,11.13,7,31%,31.0,"MP120,STAY,P210,P450,PE365,MGTe"
Sindi,AJCF 167,04/11,CUPIDO AJCF,,AJCA 1094,75,AJCF 167 04/11 CUPIDO AJCF AJCA 1094 1.48 31 19% 83.59 17 2% -8.31 40 99% -10.55 8 95% 0.78 61 11% 21 1 11.06 8 31%,1.48,31,19%,19.0,83.59,17,2%,2.0,-8.31,40,99%,99.0,-10.55,8,95%,95.0,0.78,61,11%,11.0,11.06,8,31%,31.0,"MP120,STAY,P210,P450,PE365,MGTe"
Sindi,AJCA 1827,01/13,XILON,,DA ESTIVA,75,AJCA 1827 01/13 XILON DA ESTIVA 2.49 47 5% 75.31 26 18% -9.86 69 100% -17.03 10 97% 0.81 75 10% 169 2 8.88 10 39%,2.49,47,5%,5.0,75.31,26,18%,18.0,-9.86,69,100%,100.0,-17.03,10,97%,97.0,0.81,75,10%,10.0,8.88,10,39%,39.0,"MP120,STAY,P210,P450,PE365,MGTe"
Sindi,AJCA 4199,09/19,MOGLI FIV DA ESTIVA,,AJCF 712,75,AJCA 4199 09/19 MOGLI FIV DA ESTIVA AJCF 712 0.70 6 44% 65.35 9 38% 3.24 8 20% 8.21 11 15% -0.45 12 93% 3 1 8.83 6 39%,0.7,6,44%,44.0,65.35,9,38%,38.0,3.24,8,20%,20.0,8.21,11,15%,15.0,-0.45,12,93%,93.0,8.83,6,39%,39.0,"MP120,STAY,P210,P450,PE365,MGTe"
