breed,animal_id,birth_month_year,animal_name,sex,sire,source_page,source_raw,3Pdep,3Pac,3Ptop,3Ptop_pct,MP210dep,MP210ac,MP210top,MP210top_pct,STAYdep,STAYac,STAYtop,STAYtop_pct,P210dep,P210ac,P210top,P210top_pct,PE365dep,PE365ac,PE365top,PE365top_pct,MGTe_CRdep,MGTe_CRac,MGTe_CRtop,MGTe_CRtop_pct,MGTedep,MGTeac,MGTetop,MGTetop_pct,metric_order
Nelore,SINO 2878,10/21,HERON SINO,G,RDM A2162,16,"SINO 2878 10/21 HERON SINO G RDM A2162 95.64 73 0,1% 9.99 42 0,1% 97.58 66 2% 22.67 90 0,5% 2.48 79 0,1% 41.54 41 0,1% 40.36 41 0,1%",95.64,73,"0,1%",0.1,9.99,42,"0,1%",0.1,97.58,66,2%,2.0,22.67,90,"0,5%",0.5,2.48,79,"0,1%",0.1,41.54,41,"0,1%",0.1,40.36,41,"0,1%",0.1,"3P,MP210,STAY,P210,PE365,MGTe_CR,MGTe"
Nelore,FVCP 1890,08/21,DARU FIV FVC,G,REMP 602,16,"FVCP 1890 08/21 DARU FIV FVC G REMP 602 85.50 60 10% 13.35 46 0,1% 98.78 49 1% 19.70 63 2% 2.68 61 0,1% 40.65 46 0,1% 38.02 46 0,1%",85.5,60,10%,10.0,13.35,46,"0,1%",0.1,98.78,49,1%,1.0,19.7,63,2%,2.0,2.68,61,"0,1%",0.1,40.65,46,"0,1%",0.1,38.02,46,"0,1%",0.1,"3P,MP210,STAY,P210,PE365,MGTe_CR,MGTe"
Nelore,LCCF 1153,08/21,GRAN RESERVA DA ARZ,G,REMP 816,16,"LCCF 1153 08/21 GRAN RESERVA DA ARZ G REMP 816 90.87 74 2% 11.75 40 0,1% 96.70 67 2% 18.97 85 3% 2.50 73 0,1% 39.80 41 0,1% 40.25 41 0,1%",90.87,74,2%,2.0,11.75,40,"0,1%",0.1,96.7,67,2%,2.0,18.97,85,3%,3.0,2.5,73,"0,1%",0.1,39.8,41,"0,1%",0.1,40.25,41,"0,1%",0.1,"3P,MP210,STAY,P210,PE365,MGTe_CR,MGTe"
Nelore,RDM A5613,07/21,A5613 MAT. (GOLACO),G,REMP 602,16,"RDM A5613 07/21 A5613 MAT. (GOLACO) G REMP 602 88.63 72 4% 12.61 46 0,1% 98.71 69 1% 18.93 66 3% 2.54 60 0,1% 39.16 47 0,1% 36.69 47 0,1%",88.63,72,4%,4.0,12.61,46,"0,1%",0.1,98.71,69,1%,1.0,18.93,66,3%,3.0,2.54,60,"0,1%",0.1,39.16,47,"0,1%",0.1,36.69,47,"0,1%",0.1,"3P,MP210,STAY,P210,PE365,MGTe_CR,MGTe"
Nelore,RDM A6962,06/22,HITLER MAT.,G,REMP 602,16,"RDM A6962 06/22 HITLER MAT. G REMP 602 83.27 73 16% 10.52 46 0,1% 93.73 66 3% 21.33 62 1% 2.80 60 0,1% 39.03 47 0,1% 39.49 47 0,1%",83.27,73,16%,16.0,10.52,46,"0,1%",0.1,93.73,66,3%,3.0,21.33,62,1%,1.0,2.8,60,"0,1%",0.1,39.03,47,"0,1%",0.1,39.49,47,"0,1%",0.1,"3P,MP210,STAY,P210,PE365,MGTe_CR,MGTe"
Nelore,MCPJ 8108,07/22,8108S FIV JMP,G,REM A1576,16,"MCPJ 8108 07/22 8108S FIV JMP G REM A1576 88.03 61 5% 8.33 48 1% 98.13 55 2% 23.97 65 0,1% 2.40 62 0,1% 39.00 48 0,1% 41.29 48 0,1%",88.03,61,5%,5.0,8.33,48,1%,1.0,98.13,55,2%,2.0,23.97,65,"0,1%",0.1,2.4,62,"0,1%",0.1,39.0,48,"0,1%",0.1,41.29,48,"0,1%",0.1,"3P,MP210,STAY,P210,PE365,MGTe_CR,MGTe"
Nelore,FVCP 1891,08/21,HERCULES FIV FVC,G,REMP 602,16,"FVCP 1891 08/21 HERCULES FIV FVC G REMP 602 85.22 73 10% 10.68 44 0,1% 97.04 69 2% 19.55 66 2% 2.65 59 0,1% 38.78 45 0,1% 36.89 45 0,1%",85.22,73,10%,10.0,10.68,44,"0,1%",0.1,97.04,69,2%,2.0,19.55,66,2%,2.0,2.65,59,"0,1%",0.1,38.78,45,"0,1%",0.1,36.89,45,"0,1%",0.1,"3P,MP210,STAY,P210,PE365,MGTe_CR,MGTe"
Nelore,MCPJ 6525,06/21,6525C FIV JMP,G,REM 10447,16,"MCPJ 6525 06/21 6525C FIV JMP G REM 10447 85.24 74 10% 10.88 43 0,1% 89.06 70 5% 25.26 88 0,1% 1.61 76 4% 38.33 43 0,1% 37.84 43 0,1%",85.24,74,10%,10.0,10.88,43,"0,1%",0.1,89.06,70,5%,5.0,25.26,88,"0,1%",0.1,1.61,76,4%,4.0,38.33,43,"0,1%",0.1,37.84,43,"0,1%",0.1,"3P,MP210,STAY,P210,PE365,MGTe_CR,MGTe"
Nelore,RGM 7765,11/21,OURO BRANCO FIV RG,G,GRI B6777,16,"RGM 7765 11/21 OURO BRANCO FIV RG G GRI B6777 80.44 71 28% 13.40 43 0,1% 90.22 69 5% 22.00 59 1% 1.28 57 9% 38.19 42 0,1% 38.22 42 0,1%",80.44,71,28%,28.0,13.4,43,"0,1%",0.1,90.22,69,5%,5.0,22.0,59,1%,1.0,1.28,57,9%,9.0,38.19,42,"0,1%",0.1,38.22,42,"0,1%",0.1,"3P,MP210,STAY,P210,PE365,MGTe_CR,MGTe"
Nelore,LCCF 910,09/20,FOSTER DA ARZ,G,REM A1811,16,"LCCF 910 09/20 FOSTER DA ARZ G REM A1811 90.69 86 2% 8.25 45 1% 95.53 84 2% 23.57 69 0,1% 1.78 63 3% 37.58 45 0,1% 38.44 45 0,1%",90.69,86,2%,2.0,8.25,45,1%,1.0,95.53,84,2%,2.0,23.57,69,"0,1%",0.1,1.78,63,3%,3.0,37.58,45,"0,1%",0.1,38.44,45,"0,1%",0.1,"3P,MP210,STAY,P210,PE365,MGTe_CR,MGTe"
Nelore,COL 28075,06/21,VIPUL FIV COL,G,COL 25550,16,"COL 28075 06/21 VIPUL FIV COL G COL 25550 88.94 73 4% 12.56 48 0,1% 98.54 68 2% 16.65 67 5% 1.70 63 3% 37.31 49 0,1% 34.40 49 1%",88.94,73,4%,4.0,12.56,48,"0,1%",0.1,98.54,68,2%,2.0,16.65,67,5%,5.0,1.7,63,3%,3.0,37.31,49,"0,1%",0.1,34.4,49,1%,1.0,"3P,MP210,STAY,P210,PE365,MGTe_CR,MGTe"
Nelore,SGN 1391,12/18,LUMIAR FIV DO CRISPIM,G,REM 6447,16,"SGN 1391 12/18 LUMIAR FIV DO CRISPIM G REM 6447 86.03 86 8% 12.46 47 0,1% 89.46 82 5% 19.56 68 2% 1.15 63 11% 37.01 48 0,1% 40.29 48 0,1%",86.03,86,8%,8.0,12.46,47,"0,1%",0.1,89.46,82,5%,5.0,19.56,68,2%,2.0,1.15,63,11%,11.0,37.01,48,"0,1%",0.1,40.29,48,"0,1%",0.1,"3P,MP210,STAY,P210,PE365,MGTe_CR,MGTe"
Nelore,REMP 1715,12/21,REM LONDRES FIV GEN.A,G,REMP 602,16,"REMP 1715 12/21 REM LONDRES FIV GEN.A G REMP 602 84.12 75 13% 9.07 43 0,5% 96.72 69 2% 20.32 75 2% 2.77 57 0,1% 37.00 43 0,1% 36.18 43 0,1%",84.12,75,13%,13.0,9.07,43,"0,5%",0.5,96.72,69,2%,2.0,20.32,75,2%,2.0,2.77,57,"0,1%",0.1,37.0,43,"0,1%",0.1,36.18,43,"0,1%",0.1,"3P,MP210,STAY,P210,PE365,MGTe_CR,MGTe"
Nelore,COL 28419,11/21,VESTIGIO FIV COL,G,AZAN 2343,16,"COL 28419 11/21 VESTIGIO FIV COL G AZAN 2343 84.87 75 11% 8.57 42 1% 89.43 68 5% 25.55 62 0,1% 1.36 56 7% 36.58 42 0,1% 37.21 42 0,1%",84.87,75,11%,11.0,8.57,42,1%,1.0,89.43,68,5%,5.0,25.55,62,"0,1%",0.1,1.36,56,7%,7.0,36.58,42,"0,1%",0.1,37.21,42,"0,1%",0.1,"3P,MP210,STAY,P210,PE365,MGTe_CR,MGTe"
Nelore,EAO B8522,11/21,EMBLEMA FIV DA EAO,G,REM A7,16,"EAO B8522 11/21 EMBLEMA FIV DA EAO G REM A7 95.41 73 0,1% 9.44 51 0,5% 98.65 69 1% 18.42 71 3% 2.03 64 1% 36.54 51 0,1% 34.73 51 1%",95.41,73,"0,1%",0.1,9.44,51,"0,5%",0.5,98.65,69,1%,1.0,18.42,71,3%,3.0,2.03,64,1%,1.0,36.54,51,"0,1%",0.1,34.73,51,1%,1.0,"3P,MP210,STAY,P210,PE365,MGTe_CR,MGTe"
Nelore,RDM A6179,08/21,GALLO MAT.,G,REMP 602,16,"RDM A6179 08/21 GALLO MAT. G REMP 602 86.23 74 8% 10.30 45 0,1% 88.01 68 6% 19.68 66 2% 2.23 62 0,5% 36.38 45 0,1% 35.45 45 0,5%",86.23,74,8%,8.0,10.3,45,"0,1%",0.1,88.01,68,6%,6.0,19.68,66,2%,2.0,2.23,62,"0,5%",0.5,36.38,45,"0,1%",0.1,35.45,45,"0,5%",0.5,"3P,MP210,STAY,P210,PE365,MGTe_CR,MGTe"
Nelore,XRGM 4865,08/22,LANDROVER DA XARAES,G,XRGM 4111,16,"XRGM 4865 08/22 LANDROVER DA XARAES G XRGM 4111 91.77 73 2% 6.43 40 5% 97.30 70 2% 23.01 64 0,5% 2.37 59 0,1% 36.26 41 0,1% 39.84 41 0,1%",91.77,73,2%,2.0,6.43,40,5%,5.0,97.3,70,2%,2.0,23.01,64,"0,5%",0.5,2.37,59,"0,1%",0.1,36.26,41,"0,1%",0.1,39.84,41,"0,1%",0.1,"3P,MP210,STAY,P210,PE365,MGTe_CR,MGTe"
Nelore,FVCP 1762,07/21,SANSÃƒO FIV FVC,G,REMP 602,16,"FVCP 1762 07/21 SANSÃƒO FIV FVC G REMP 602 87.10 74 6% 10.82 43 0,1% 95.29 69 2% 18.54 65 3% 2.01 57 1% 35.98 44 0,5% 34.59 44 1%",87.1,74,6%,6.0,10.82,43,"0,1%",0.1,95.29,69,2%,2.0,18.54,65,3%,3.0,2.01,57,1%,1.0,35.98,44,"0,5%",0.5,34.59,44,1%,1.0,"3P,MP210,STAY,P210,PE365,MGTe_CR,MGTe"
Nelore,JHVM 23887,08/22,JH FIV CAMPARINO,G,MMVA 2725,16,"JHVM 23887 08/22 JH FIV CAMPARINO G MMVA 2725 89.43 73 3% 11.98 47 0,1% 99.12 68 1% 14.02 65 10% 1.38 61 7% 35.97 48 0,5% 35.76 48 0,5%",89.43,73,3%,3.0,11.98,47,"0,1%",0.1,99.12,68,1%,1.0,14.02,65,10%,10.0,1.38,61,7%,7.0,35.97,48,"0,5%",0.5,35.76,48,"0,5%",0.5,"3P,MP210,STAY,P210,PE365,MGTe_CR,MGTe"
Nelore,RDM A5492,07/21,GURUPI MAT.,G,REMP 602,16,"RDM A5492 07/21 GURUPI MAT. G REMP 602 84.21 72 13% 9.45 44 0,5% 79.82 67 16% 24.90 91 0,1% 2.46 81 0,1% 35.97 44 0,5% 35.73 44 0,5%",84.21,72,13%,13.0,9.45,44,"0,5%",0.5,79.82,67,16%,16.0,24.9,91,"0,1%",0.1,2.46,81,"0,1%",0.1,35.97,44,"0,5%",0.5,35.73,44,"0,5%",0.5,"3P,MP210,STAY,P210,PE365,MGTe_CR,MGTe"
Nelore,MMLN 1226,09/20,VOLEI FIV CATARINA,G,BRMG 2299,16,"MMLN 1226 09/20 VOLEI FIV CATARINA G BRMG 2299 95.10 60 0,1% 7.40 46 3% 90.33 51 5% 23.53 67 0,1% 1.46 60 6% 35.91 46 0,5% 37.02 46 0,1%",95.1,60,"0,1%",0.1,7.4,46,3%,3.0,90.33,51,5%,5.0,23.53,67,"0,1%",0.1,1.46,60,6%,6.0,35.91,46,"0,5%",0.5,37.02,46,"0,1%",0.1,"3P,MP210,STAY,P210,PE365,MGTe_CR,MGTe"
Nelore,RDM A6376,09/21,A6376 MAT. (GRANEL MA,G,REMP 602,16,"RDM A6376 09/21 A6376 MAT. (GRANEL MA G REMP 602 85.67 73 9% 8.74 45 1% 90.57 67 4% 20.34 62 2% 2.11 58 1% 35.90 45 0,5% 34.85 45 1%",85.67,73,9%,9.0,8.74,45,1%,1.0,90.57,67,4%,4.0,20.34,62,2%,2.0,2.11,58,1%,1.0,35.9,45,"0,5%",0.5,34.85,45,1%,1.0,"3P,MP210,STAY,P210,PE365,MGTe_CR,MGTe"
Nelore,REMP 602,09/18,REM HORUS GEN ADT,G,REM A149,16,"REMP 602 09/18 REM HORUS GEN ADT G REM A149 77.64 87 41% 11.24 80 0,1% 86.43 81 8% 18.81 94 3% 2.98 92 0,1% 35.86 79 0,5% 33.47 79 2%",77.64,87,41%,41.0,11.24,80,"0,1%",0.1,86.43,81,8%,8.0,18.81,94,3%,3.0,2.98,92,"0,1%",0.1,35.86,79,"0,5%",0.5,33.47,79,2%,2.0,"3P,MP210,STAY,P210,PE365,MGTe_CR,MGTe"
Nelore,IPB 7475,02/22,7475 DA IPB,G,REM 10447,16,"IPB 7475 02/22 7475 DA IPB G REM 10447 90.33 72 2% 6.08 47 6% 99.03 67 1% 23.60 75 0,1% 1.52 62 5% 35.69 48 0,5% 37.41 48 0,1%",90.33,72,2%,2.0,6.08,47,6%,6.0,99.03,67,1%,1.0,23.6,75,"0,1%",0.1,1.52,62,5%,5.0,35.69,48,"0,5%",0.5,37.41,48,"0,1%",0.1,"3P,MP210,STAY,P210,PE365,MGTe_CR,MGTe"
Nelore,HORA 5758,09/21,5758 TE DA HORA,G,SINO 1730,16,"HORA 5758 09/21 5758 TE DA HORA G SINO 1730 91.26 59 2% 4.52 49 15% 93.14 53 3% 28.03 66 0,1% 1.25 62 9% 35.68 48 0,5% 36.34 48 0,1%",91.26,59,2%,2.0,4.52,49,15%,15.0,93.14,53,3%,3.0,28.03,66,"0,1%",0.1,1.25,62,9%,9.0,35.68,48,"0,5%",0.5,36.34,48,"0,1%",0.1,"3P,MP210,STAY,P210,PE365,MGTe_CR,MGTe"
Nelore,MMVA 5894,12/21,CHEFE FIV DA JACAMIM,G,MMVA 2725,16,"MMVA 5894 12/21 CHEFE FIV DA JACAMIM G MMVA 2725 82.87 73 18% 11.28 48 0,1% 91.59 69 4% 17.93 67 3% 2.05 60 1% 35.66 47 0,5% 33.26 47 2%",82.87,73,18%,18.0,11.28,48,"0,1%",0.1,91.59,69,4%,4.0,17.93,67,3%,3.0,2.05,60,1%,1.0,35.66,47,"0,5%",0.5,33.26,47,2%,2.0,"3P,MP210,STAY,P210,PE365,MGTe_CR,MGTe"
Nelore,BONS 3180,10/16,QUINCY BONS,G,REMC 5326,16,"BONS 3180 10/16 QUINCY BONS G REMC 5326 86.21 87 8% 10.73 57 0,1% 98.25 83 2% 16.69 78 5% 1.27 77 9% 35.57 58 0,5% 32.73 58 2%",86.21,87,8%,8.0,10.73,57,"0,1%",0.1,98.25,83,2%,2.0,16.69,78,5%,5.0,1.27,77,9%,9.0,35.57,58,"0,5%",0.5,32.73,58,2%,2.0,"3P,MP210,STAY,P210,PE365,MGTe_CR,MGTe"
Nelore,GCGC 442,07/22,COLISEU FIV GRUPO COS,G,REM A1936,16,"GCGC 442 07/22 COLISEU FIV GRUPO COS G REM A1936 87.16 52 6% 6.26 46 5% 93.01 43 3% 23.91 63 0,1% 2.25 60 0,5% 35.43 43 0,5% 37.74 43 0,1%",87.16,52,6%,6.0,6.26,46,5%,5.0,93.01,43,3%,3.0,23.91,63,"0,1%",0.1,2.25,60,"0,5%",0.5,35.43,43,"0,5%",0.5,37.74,43,"0,1%",0.1,"3P,MP210,STAY,P210,PE365,MGTe_CR,MGTe"
Nelore,EAO B7222,08/21,B7222 FIV DA EAO (EXE,G,REM A1936,16,"EAO B7222 08/21 B7222 FIV DA EAO (EXE G REM A1936 99.17 72 0,1% 5.48 48 9% 95.89 68 2% 20.71 84 1% 2.25 73 0,5% 35.17 49 0,5% 35.38 49 0,5%",99.17,72,"0,1%",0.1,5.48,48,9%,9.0,95.89,68,2%,2.0,20.71,84,1%,1.0,2.25,73,"0,5%",0.5,35.17,49,"0,5%",0.5,35.38,49,"0,5%",0.5,"3P,MP210,STAY,P210,PE365,MGTe_CR,MGTe"
Nelore,FANO 2995,09/20,ESTUDANTE DA AGRONOVA,G,FANO 1509,16,"FANO 2995 09/20 ESTUDANTE DA AGRONOVA G FANO 1509 84.97 74 11% 6.16 46 6% 96.84 68 2% 26.75 90 0,1% 1.83 80 2% 35.12 47 0,5% 37.68 47 0,1%",84.97,74,11%,11.0,6.16,46,6%,6.0,96.84,68,2%,2.0,26.75,90,"0,1%",0.1,1.83,80,2%,2.0,35.12,47,"0,5%",0.5,37.68,47,"0,1%",0.1,"3P,MP210,STAY,P210,PE365,MGTe_CR,MGTe"
Nelore,JAPA 11059,12/21,11059 FIV JAPARANDUBA,G,RDM A99,16,"JAPA 11059 12/21 11059 FIV JAPARANDUBA G RDM A99 90.36 61 2% 11.13 50 0,1% 99.15 52 0,1% 14.21 67 9% 1.10 64 12% 34.95 51 0,5% 33.46 51 2%",90.36,61,2%,2.0,11.13,50,"0,1%",0.1,99.15,52,"0,1%",0.1,14.21,67,9%,9.0,1.1,64,12%,12.0,34.95,51,"0,5%",0.5,33.46,51,2%,2.0,"3P,MP210,STAY,P210,PE365,MGTe_CR,MGTe"
Nelore,RDM A4814,10/20,FALCAO MAT.,G,SINO 1647,16,"RDM A4814 10/20 FALCAO MAT. G SINO 1647 91.76 75 2% 5.47 42 9% 94.12 68 3% 21.65 66 1% 2.54 58 0,1% 34.89 42 0,5% 37.84 42 0,1%",91.76,75,2%,2.0,5.47,42,9%,9.0,94.12,68,3%,3.0,21.65,66,1%,1.0,2.54,58,"0,1%",0.1,34.89,42,"0,5%",0.5,37.84,42,"0,1%",0.1,"3P,MP210,STAY,P210,PE365,MGTe_CR,MGTe"
Nelore,RGM 7523,09/21,OTIMIZADO FIV RG,G,REMP 602,16,"RGM 7523 09/21 OTIMIZADO FIV RG G REMP 602 83.65 74 15% 7.27 45 3% 96.97 68 2% 19.03 63 3% 2.54 59 0,1% 34.73 47 0,5% 34.10 47 2%",83.65,74,15%,15.0,7.27,45,3%,3.0,96.97,68,2%,2.0,19.03,63,3%,3.0,2.54,59,"0,1%",0.1,34.73,47,"0,5%",0.5,34.1,47,2%,2.0,"3P,MP210,STAY,P210,PE365,MGTe_CR,MGTe"
Nelore,KAT 5463,11/21,NÃšCLEO FIV KATISPERA,G,KAT 4154,16,"KAT 5463 11/21 NÃšCLEO FIV KATISPERA G KAT 4154 88.49 71 4% 6.79 39 4% 92.96 68 3% 20.96 63 1% 1.78 56 3% 34.35 40 1% 35.21 40 0,5%",88.49,71,4%,4.0,6.79,39,4%,4.0,92.96,68,3%,3.0,20.96,63,1%,1.0,1.78,56,3%,3.0,34.35,40,1%,1.0,35.21,40,"0,5%",0.5,"3P,MP210,STAY,P210,PE365,MGTe_CR,MGTe"
Nelore,EPCF 5140,08/21,5140 FIV DA TERRA BRA,G,REMP 602,16,"EPCF 5140 08/21 5140 FIV DA TERRA BRA G REMP 602 81.61 73 23% 6.61 43 4% 94.79 69 3% 22.09 58 0,5% 2.54 57 0,1% 34.34 43 1% 34.67 43 1%",81.61,73,23%,23.0,6.61,43,4%,4.0,94.79,69,3%,3.0,22.09,58,"0,5%",0.5,2.54,57,"0,1%",0.1,34.34,43,1%,1.0,34.67,43,1%,1.0,"3P,MP210,STAY,P210,PE365,MGTe_CR,MGTe"
Nelore,EAO B4549,08/20,B4549 FIV DA EAO,G,LBMN D4685,16,"EAO B4549 08/20 B4549 FIV DA EAO G LBMN D4685 95.08 75 0,1% 12.92 51 0,1% 98.11 72 2% 10.33 78 21% 1.04 65 14% 34.23 51 1% 30.79 51 3%",95.08,75,"0,1%",0.1,12.92,51,"0,1%",0.1,98.11,72,2%,2.0,10.33,78,21%,21.0,1.04,65,14%,14.0,34.23,51,1%,1.0,30.79,51,3%,3.0,"3P,MP210,STAY,P210,PE365,MGTe_CR,MGTe"
Nelore,MCPJ 8878,10/22,XERIFE FIV JMP,G,REM 10447,16,"MCPJ 8878 10/22 XERIFE FIV JMP G REM 10447 91.13 52 2% 6.63 51 4% 91.97 44 4% 21.65 66 1% 1.65 64 4% 34.23 44 1% 36.67 44 0,1%",91.13,52,2%,2.0,6.63,51,4%,4.0,91.97,44,4%,4.0,21.65,66,1%,1.0,1.65,64,4%,4.0,34.23,44,1%,1.0,36.67,44,"0,1%",0.1,"3P,MP210,STAY,P210,PE365,MGTe_CR,MGTe"
Nelore,EAO B7558,09/21,B7558 FIV DA EAO,G,REM A1936,16,EAO B7558 09/21 B7558 FIV DA EAO G REM A1936 92.65 63 1% 6.85 49 4% 94.63 54 3% 19.82 69 2% 1.74 64 3% 34.04 50 1% 33.20 50 2%,92.65,63,1%,1.0,6.85,49,4%,4.0,94.63,54,3%,3.0,19.82,69,2%,2.0,1.74,64,3%,3.0,34.04,50,1%,1.0,33.2,50,2%,2.0,"3P,MP210,STAY,P210,PE365,MGTe_CR,MGTe"
Nelore,GRI C585,02/20,CASSINO FIV DA S.NICE,G,LBMN D4685,16,"GRI C585 02/20 CASSINO FIV DA S.NICE G LBMN D4685 85.54 85 10% 11.17 46 0,1% 98.34 84 2% 12.81 86 13% 0.94 84 16% 33.99 47 1% 32.44 47 2%",85.54,85,10%,10.0,11.17,46,"0,1%",0.1,98.34,84,2%,2.0,12.81,86,13%,13.0,0.94,84,16%,16.0,33.99,47,1%,1.0,32.44,47,2%,2.0,"3P,MP210,STAY,P210,PE365,MGTe_CR,MGTe"
Nelore,SINO 3015,03/22,IRMAO SINO,G,SINO 1730,16,"SINO 3015 03/22 IRMAO SINO G SINO 1730 81.60 72 23% 6.76 46 4% 84.23 68 10% 26.65 63 0,1% 1.25 59 9% 33.94 45 1% 38.98 45 0,1%",81.6,72,23%,23.0,6.76,46,4%,4.0,84.23,68,10%,10.0,26.65,63,"0,1%",0.1,1.25,59,9%,9.0,33.94,45,1%,1.0,38.98,45,"0,1%",0.1,"3P,MP210,STAY,P210,PE365,MGTe_CR,MGTe"
