breed,animal_id,birth_month_year,animal_name,sex,sire,source_page,source_raw,IPPdep,IPPac,IPPtop,IPPtop_pct,3Pdep,3Pac,3Ptop,3Ptop_pct,MP120dep,MP120ac,MP120top,MP120top_pct,STAYdep,STAYac,STAYtop,STAYtop_pct,PE365dep,PE365ac,PE365top,PE365top_pct,MGTedep,MGTeac,MGTetop,MGTetop_pct,metric_order
Nelore,MNS 10509,07/20,D50 DA ALO BRASIL,G,FPO 2683,21,"MNS 10509 07/20 D50 DA ALO BRASIL G FPO 2683 -1.37 43 1% 95.75 84 0,1% 4.15 46 6% 84.52 80 10% 1.72 83 3% 23 0 28.68 46 5%",-1.37,43,1%,1.0,95.75,84,"0,1%",0.1,4.15,46,6%,6.0,84.52,80,10%,10.0,1.72,83,3%,3.0,28.68,46,5%,5.0,"IPP,3P,MP120,STAY,PE365,MGTe"
Nelore,REM 10846,09/19,REM INTER GEN. ADT,G,REM A192,21,"REM 10846 09/19 REM INTER GEN. ADT G REM A192 -1.42 53 1% 94.77 87 0,5% 2.64 53 19% 98.31 80 2% 1.62 83 4% 36 0 31.14 53 3%",-1.42,53,1%,1.0,94.77,87,"0,5%",0.5,2.64,53,19%,19.0,98.31,80,2%,2.0,1.62,83,4%,4.0,31.14,53,3%,3.0,"IPP,3P,MP120,STAY,PE365,MGTe"
Nelore,CSCC 5339,12/14,POKEMOM FIV DE NAVIRA,G,REMC 5326,21,"CSCC 5339 12/14 POKEMOM FIV DE NAVIRA G REMC 5326 -1.89 65 0,1% 94.65 90 0,5% 2.63 71 19% 91.81 85 4% 0.94 84 16% 87 0 22.41 71 14%",-1.89,65,"0,1%",0.1,94.65,90,"0,5%",0.5,2.63,71,19%,19.0,91.81,85,4%,4.0,0.94,84,16%,16.0,22.41,71,14%,14.0,"IPP,3P,MP120,STAY,PE365,MGTe"
Nelore,REMC 7592,11/13,REM CAMPO GRANDE,,REM 5589,21,"REMC 7592 11/13 REM CAMPO GRANDE REM 5589 -1.21 75 3% 94.64 83 0,5% 2.20 68 26% 80.66 79 15% 1.08 88 13% 426 0 20.48 40 18%",-1.21,75,3%,3.0,94.64,83,"0,5%",0.5,2.2,68,26%,26.0,80.66,79,15%,15.0,1.08,88,13%,13.0,20.48,40,18%,18.0,"IPP,3P,MP120,STAY,PE365,MGTe"
Nelore,EPCF 2954,09/18,2954 FIV DA TERRA BRA,G,REMC 9094,21,"EPCF 2954 09/18 2954 FIV DA TERRA BRA G REMC 9094 -1.52 47 0,1% 94.60 85 0,5% 1.45 48 44% 88.25 83 6% 1.49 68 6% 11 0 22.69 48 14%",-1.52,47,"0,1%",0.1,94.6,85,"0,5%",0.5,1.45,48,44%,44.0,88.25,83,6%,6.0,1.49,68,6%,6.0,22.69,48,14%,14.0,"IPP,3P,MP120,STAY,PE365,MGTe"
Nelore,REM A2103,10/17,REM GUAPORE,G,REM 7259,21,"REM A2103 10/17 REM GUAPORE G REM 7259 -1.15 57 5% 94.27 86 0,5% 1.84 60 34% 87.64 82 7% 1.17 81 11% 34 0 22.98 60 13%",-1.15,57,5%,5.0,94.27,86,"0,5%",0.5,1.84,60,34%,34.0,87.64,82,7%,7.0,1.17,81,11%,11.0,22.98,60,13%,13.0,"IPP,3P,MP120,STAY,PE365,MGTe"
Nelore,RDM 8999,08/16,BALBEC MAT.,G,RDM 7045,21,"RDM 8999 08/16 BALBEC MAT. G RDM 7045 -1.03 71 10% 94.25 88 0,5% 1.93 72 32% 84.76 82 9% 0.62 91 27% 81 0 20.95 72 17%",-1.03,71,10%,10.0,94.25,88,"0,5%",0.5,1.93,72,32%,32.0,84.76,82,9%,9.0,0.62,91,27%,27.0,20.95,72,17%,17.0,"IPP,3P,MP120,STAY,PE365,MGTe"
Nelore,REM 7743,09/12,REM BLOCK,G,REM 4677,21,"REM 7743 09/12 REM BLOCK G REM 4677 -1.34 72 2% 94.12 89 0,5% 3.85 75 8% 86.16 86 8% 0.78 88 21% 56 0 22.42 75 14%",-1.34,72,2%,2.0,94.12,89,"0,5%",0.5,3.85,75,8%,8.0,86.16,86,8%,8.0,0.78,88,21%,21.0,22.42,75,14%,14.0,"IPP,3P,MP120,STAY,PE365,MGTe"
Nelore,COL 24926,11/16,QUICKMAN FIV COL,G,REMC 5326,21,"COL 24926 11/16 QUICKMAN FIV COL G REMC 5326 -1.25 67 3% 93.52 77 0,5% 3.65 68 9% 97.97 71 2% 1.52 87 5% 43 0 27.96 68 6%",-1.25,67,3%,3.0,93.52,77,"0,5%",0.5,3.65,68,9%,9.0,97.97,71,2%,2.0,1.52,87,5%,5.0,27.96,68,6%,6.0,"IPP,3P,MP120,STAY,PE365,MGTe"
Nelore,JHVM 18371,08/19,FORD FIV CAMPARINO,G,REMC 5326,21,JHVM 18371 08/19 FORD FIV CAMPARINO G REMC 5326 -1.35 64 1% 93.22 85 1% 3.05 60 14% 89.59 81 5% 0.97 92 16% 46 0 27.70 60 6%,-1.35,64,1%,1.0,93.22,85,1%,1.0,3.05,60,14%,14.0,89.59,81,5%,5.0,0.97,92,16%,16.0,27.7,60,6%,6.0,"IPP,3P,MP120,STAY,PE365,MGTe"
Nelore,CSCN 15658,08/16,NAVIRAI FIV SURREAL,G,REMC 5326,21,CSCN 15658 08/16 NAVIRAI FIV SURREAL G REMC 5326 -1.35 63 1% 93.12 87 1% 1.51 66 42% 91.14 84 4% 1.14 84 11% 10 0 23.81 66 12%,-1.35,63,1%,1.0,93.12,87,1%,1.0,1.51,66,42%,42.0,91.14,84,4%,4.0,1.14,84,11%,11.0,23.81,66,12%,12.0,"IPP,3P,MP120,STAY,PE365,MGTe"
Nelore,API 3787,09/16,ARMADOR FIV DO API,G,REMC 5326,21,API 3787 09/16 ARMADOR FIV DO API G REMC 5326 -1.27 52 2% 93.10 86 1% 2.03 55 30% 94.98 84 3% 1.47 73 6% 18 0 26.52 55 8%,-1.27,52,2%,2.0,93.1,86,1%,1.0,2.03,55,30%,30.0,94.98,84,3%,3.0,1.47,73,6%,6.0,26.52,55,8%,8.0,"IPP,3P,MP120,STAY,PE365,MGTe"
Nelore,BRMG 3862,10/19,BRASIL DA BEABISA,G,FPO 2683,21,"BRMG 3862 10/19 BRASIL DA BEABISA G FPO 2683 -1.18 56 4% 93.10 85 1% 2.65 56 19% 95.18 81 2% 2.38 80 0,1% 16 0 35.49 56 0,5%",-1.18,56,4%,4.0,93.1,85,1%,1.0,2.65,56,19%,19.0,95.18,81,2%,2.0,2.38,80,"0,1%",0.1,35.49,56,"0,5%",0.5,"IPP,3P,MP120,STAY,PE365,MGTe"
Nelore,RDM 5102,08/11,RUBAIAH MAT.,G,L4810,21,RDM 5102 08/11 RUBAIAH MAT. G L4810 -1.37 68 1% 93.05 79 1% 2.32 73 24% 85.50 78 9% 0.66 85 25% 85 0 21.49 73 16%,-1.37,68,1%,1.0,93.05,79,1%,1.0,2.32,73,24%,24.0,85.5,78,9%,9.0,0.66,85,25%,25.0,21.49,73,16%,16.0,"IPP,3P,MP120,STAY,PE365,MGTe"
Nelore,MGLP 592,10/16,BAETI 38 FIV DA BACUR,G,REMC 5326,21,MGLP 592 10/16 BAETI 38 FIV DA BACUR G REMC 5326 -1.36 49 1% 92.81 87 1% 1.35 54 48% 90.80 83 4% 1.07 74 13% 18 0 25.71 44 9%,-1.36,49,1%,1.0,92.81,87,1%,1.0,1.35,54,48%,48.0,90.8,83,4%,4.0,1.07,74,13%,13.0,25.71,44,9%,9.0,"IPP,3P,MP120,STAY,PE365,MGTe"
Nelore,REM 9852,11/14,REM DITADO,G,REMC 4820,21,REM 9852 11/14 REM DITADO G REMC 4820 -1.11 61 6% 92.56 87 1% 2.40 69 23% 81.51 83 14% 0.73 84 23% 50 0 25.88 69 9%,-1.11,61,6%,6.0,92.56,87,1%,1.0,2.4,69,23%,23.0,81.51,83,14%,14.0,0.73,84,23%,23.0,25.88,69,9%,9.0,"IPP,3P,MP120,STAY,PE365,MGTe"
Nelore,REM 8933,10/13,REM CALDONEGRO,G,REM 5589,21,REM 8933 10/13 REM CALDONEGRO G REM 5589 -1.19 89 4% 92.41 95 1% 4.39 91 5% 91.80 91 4% 0.80 95 21% 1313 0 29.40 91 5%,-1.19,89,4%,4.0,92.41,95,1%,1.0,4.39,91,5%,5.0,91.8,91,4%,4.0,0.8,95,21%,21.0,29.4,91,5%,5.0,"IPP,3P,MP120,STAY,PE365,MGTe"
Nelore,REM A192,09/15,REM ESTEIO,G,REM 7259,21,REM A192 09/15 REM ESTEIO G REM 7259 -1.20 54 4% 92.29 87 1% 1.93 63 32% 79.74 81 17% 1.28 81 9% 30 0 21.75 63 15%,-1.2,54,4%,4.0,92.29,87,1%,1.0,1.93,63,32%,32.0,79.74,81,17%,17.0,1.28,81,9%,9.0,21.75,63,15%,15.0,"IPP,3P,MP120,STAY,PE365,MGTe"
Nelore,REMP 816,10/18,REM HERMOSO FIV GEN A,G,REM A7,21,"REMP 816 10/18 REM HERMOSO FIV GEN A G REM A7 -0.94 84 15% 92.23 91 1% 1.75 83 36% 82.23 81 13% 2.17 97 0,5% 452 0 29.42 81 5%",-0.94,84,15%,15.0,92.23,91,1%,1.0,1.75,83,36%,36.0,82.23,81,13%,13.0,2.17,97,"0,5%",0.5,29.42,81,5%,5.0,"IPP,3P,MP120,STAY,PE365,MGTe"
Nelore,BOA A1421,08/17,KENZO TERRA BOA,G,REMC 5326,21,"BOA A1421 08/17 KENZO TERRA BOA G REMC 5326 -1.47 54 0,5% 92.20 84 1% 3.76 56 8% 89.00 82 6% 0.95 77 16% 14 0 26.00 56 8%",-1.47,54,"0,5%",0.5,92.2,84,1%,1.0,3.76,56,8%,8.0,89.0,82,6%,6.0,0.95,77,16%,16.0,26.0,56,8%,8.0,"IPP,3P,MP120,STAY,PE365,MGTe"
Nelore,REMC 9828,10/15,REM EL TORO,G,REM 5531,21,REMC 9828 10/15 REM EL TORO G REM 5531 -1.03 79 10% 92.15 91 1% 3.41 78 11% 91.44 81 4% 1.43 92 6% 450 0 22.83 78 13%,-1.03,79,10%,10.0,92.15,91,1%,1.0,3.41,78,11%,11.0,91.44,81,4%,4.0,1.43,92,6%,6.0,22.83,78,13%,13.0,"IPP,3P,MP120,STAY,PE365,MGTe"
Nelore,REM A2239,11/17,REM GRINGO GEN ADITIV,G,REM 9852,21,REM A2239 11/17 REM GRINGO GEN ADITIV G REM 9852 -0.97 53 13% 92.13 87 1% 3.10 66 14% 82.17 81 13% 1.58 79 5% 42 0 30.67 66 3%,-0.97,53,13%,13.0,92.13,87,1%,1.0,3.1,66,14%,14.0,82.17,81,13%,13.0,1.58,79,5%,5.0,30.67,66,3%,3.0,"IPP,3P,MP120,STAY,PE365,MGTe"
Nelore,FVC 12296,06/17,TORNADO FVC,G,FVC 9681,21,FVC 12296 06/17 TORNADO FVC G FVC 9681 -1.12 80 6% 92.01 91 1% 2.19 78 27% 93.40 84 3% 0.81 93 20% 473 0 25.38 78 9%,-1.12,80,6%,6.0,92.01,91,1%,1.0,2.19,78,27%,27.0,93.4,84,3%,3.0,0.81,93,20%,20.0,25.38,78,9%,9.0,"IPP,3P,MP120,STAY,PE365,MGTe"
Nelore,RDM A2233,07/19,ENSINO MAT.,G,BONS 3108,21,RDM A2233 07/19 ENSINO MAT. G BONS 3108 -1.23 56 3% 92.01 87 1% 1.84 54 34% 95.09 83 2% 1.53 83 5% 13 0 26.42 54 8%,-1.23,56,3%,3.0,92.01,87,1%,1.0,1.84,54,34%,34.0,95.09,83,2%,2.0,1.53,83,5%,5.0,26.42,54,8%,8.0,"IPP,3P,MP120,STAY,PE365,MGTe"
Nelore,FANO 2729,01/20,DOLVE DA AGRONOVA,G,REM A7,21,FANO 2729 01/20 DOLVE DA AGRONOVA G REM A7 -1.07 51 8% 91.97 83 1% 3.45 53 11% 90.10 80 5% 1.71 80 3% 14 0 33.12 53 2%,-1.07,51,8%,8.0,91.97,83,1%,1.0,3.45,53,11%,11.0,90.1,80,5%,5.0,1.71,80,3%,3.0,33.12,53,2%,2.0,"IPP,3P,MP120,STAY,PE365,MGTe"
Nelore,HORA 3986,08/19,INVENCIVEL DA HORA,G,REMC 8053,21,HORA 3986 08/19 INVENCIVEL DA HORA G REMC 8053 -1.02 69 10% 91.75 87 2% 3.76 62 8% 82.09 82 13% 0.91 91 17% 32 0 28.95 62 5%,-1.02,69,10%,10.0,91.75,87,2%,2.0,3.76,62,8%,8.0,82.09,82,13%,13.0,0.91,91,17%,17.0,28.95,62,5%,5.0,"IPP,3P,MP120,STAY,PE365,MGTe"
Nelore,MGLP 515,10/15,AETÃ‰ 31 FIV DA BACUR,G,REMC 5326,21,MGLP 515 10/15 AETÃ‰ 31 FIV DA BACUR G REMC 5326 -1.34 44 2% 91.68 58 2% 2.84 48 17% 78.88 43 18% 1.53 64 5% 17 0 24.96 43 10%,-1.34,44,2%,2.0,91.68,58,2%,2.0,2.84,48,17%,17.0,78.88,43,18%,18.0,1.53,64,5%,5.0,24.96,43,10%,10.0,"IPP,3P,MP120,STAY,PE365,MGTe"
Nelore,REM 9862,11/14,REM DIFTOX,G,REM 4787,21,REM 9862 11/14 REM DIFTOX G REM 4787 -1.34 50 2% 91.54 87 2% 5.31 57 2% 73.03 83 30% 0.57 75 29% 22 0 25.60 57 9%,-1.34,50,2%,2.0,91.54,87,2%,2.0,5.31,57,2%,2.0,73.03,83,30%,30.0,0.57,75,29%,29.0,25.6,57,9%,9.0,"IPP,3P,MP120,STAY,PE365,MGTe"
Nelore,FBFM 8950,09/18,PORTO DO BATUQUE,G,FBFM 6505,21,FBFM 8950 09/18 PORTO DO BATUQUE G FBFM 6505 -1.08 65 7% 91.41 87 2% 2.22 74 26% 90.79 81 4% 0.96 88 16% 126 0 25.71 74 9%,-1.08,65,7%,7.0,91.41,87,2%,2.0,2.22,74,26%,26.0,90.79,81,4%,4.0,0.96,88,16%,16.0,25.71,74,9%,9.0,"IPP,3P,MP120,STAY,PE365,MGTe"
Nelore,MATI 1624,08/14,VIGOR MATI,G,RDM 5624,21,MATI 1624 08/14 VIGOR MATI G RDM 5624 -0.97 61 13% 91.25 85 2% 3.48 66 10% 83.99 84 10% 0.59 80 28% 18 0 23.69 66 12%,-0.97,61,13%,13.0,91.25,85,2%,2.0,3.48,66,10%,10.0,83.99,84,10%,10.0,0.59,80,28%,28.0,23.69,66,12%,12.0,"IPP,3P,MP120,STAY,PE365,MGTe"
Nelore,REM A159,09/15,REM EIXOO,G,REM 7121,21,REM A159 09/15 REM EIXOO G REM 7121 -1.13 49 5% 91.24 87 2% 4.68 55 4% 73.52 83 29% 0.97 78 16% 16 0 24.97 55 10%,-1.13,49,5%,5.0,91.24,87,2%,2.0,4.68,55,4%,4.0,73.52,83,29%,29.0,0.97,78,16%,16.0,24.97,55,10%,10.0,"IPP,3P,MP120,STAY,PE365,MGTe"
Nelore,REM A1811,09/17,REM GLADIADOR GEN ADT,G,REMC 8332,21,REM A1811 09/17 REM GLADIADOR GEN ADT G REMC 8332 -1.25 82 3% 90.97 90 2% 5.74 84 2% 77.18 82 21% 1.14 93 11% 213 0 27.72 82 6%,-1.25,82,3%,3.0,90.97,90,2%,2.0,5.74,84,2%,2.0,77.18,82,21%,21.0,1.14,93,11%,11.0,27.72,82,6%,6.0,"IPP,3P,MP120,STAY,PE365,MGTe"
Nelore,REM 7121,10/11,REM ALLON,G,REM 3787,21,REM 7121 10/11 REM ALLON G REM 3787 -1.17 71 4% 90.96 88 2% 5.33 77 2% 77.30 88 21% 0.59 33 28% 92 0 22.31 33 14%,-1.17,71,4%,4.0,90.96,88,2%,2.0,5.33,77,2%,2.0,77.3,88,21%,21.0,0.59,33,28%,28.0,22.31,33,14%,14.0,"IPP,3P,MP120,STAY,PE365,MGTe"
Nelore,REMC A223,08/16,REM FORMOSO,G,REMC 5326,21,REMC A223 08/16 REM FORMOSO G REMC 5326 -1.17 75 4% 90.96 87 2% 2.73 74 18% 94.66 82 3% 1.30 91 8% 59 0 29.78 74 4%,-1.17,75,4%,4.0,90.96,87,2%,2.0,2.73,74,18%,18.0,94.66,82,3%,3.0,1.3,91,8%,8.0,29.78,74,4%,4.0,"IPP,3P,MP120,STAY,PE365,MGTe"
Nelore,AZAP 196,08/09,GRAFITE DA BELA,G,AZAN 5,21,AZAP 196 08/09 GRAFITE DA BELA G AZAN 5 -0.92 69 17% 90.92 91 2% 6.04 74 1% 80.20 88 16% 1.00 87 15% 65 0 22.11 74 15%,-0.92,69,17%,17.0,90.92,91,2%,2.0,6.04,74,1%,1.0,80.2,88,16%,16.0,1.0,87,15%,15.0,22.11,74,15%,15.0,"IPP,3P,MP120,STAY,PE365,MGTe"
Nelore,FGP 9684,08/19,FABULOSO FIV GUADALUP,G,REMC 8053,21,FGP 9684 08/19 FABULOSO FIV GUADALUP G REMC 8053 -1.35 62 1% 90.75 87 2% 3.44 57 11% 84.30 83 10% 1.41 89 7% 39 0 31.40 57 3%,-1.35,62,1%,1.0,90.75,87,2%,2.0,3.44,57,11%,11.0,84.3,83,10%,10.0,1.41,89,7%,7.0,31.4,57,3%,3.0,"IPP,3P,MP120,STAY,PE365,MGTe"
Nelore,JCGG 15015,10/19,CENARIO DA AGUA FRIA,G,JCGG 9251,21,JCGG 15015 10/19 CENARIO DA AGUA FRIA G JCGG 9251 -1.08 38 7% 90.52 33 2% 4.05 40 7% 76.52 58 23% 0.81 68 20% 40 0 24.68 33 10%,-1.08,38,7%,7.0,90.52,33,2%,2.0,4.05,40,7%,7.0,76.52,58,23%,23.0,0.81,68,20%,20.0,24.68,33,10%,10.0,"IPP,3P,MP120,STAY,PE365,MGTe"
Nelore,MMVA 2281,11/17,ECLIPSE FIV DA JACAMI,G,RDM 5624,21,MMVA 2281 11/17 ECLIPSE FIV DA JACAMI G RDM 5624 -0.92 59 17% 90.50 86 2% 4.81 61 4% 84.45 83 10% 1.16 79 11% 50 0 25.56 61 9%,-0.92,59,17%,17.0,90.5,86,2%,2.0,4.81,61,4%,4.0,84.45,83,10%,10.0,1.16,79,11%,11.0,25.56,61,9%,9.0,"IPP,3P,MP120,STAY,PE365,MGTe"
Nelore,RDM 8948,08/16,BARRO BRANCO MAT.,G,MNS 5612,21,RDM 8948 08/16 BARRO BRANCO MAT. G MNS 5612 -1.38 46 1% 90.37 86 2% 3.83 50 8% 73.16 84 30% 1.45 69 6% 12 0 20.89 50 17%,-1.38,46,1%,1.0,90.37,86,2%,2.0,3.83,50,8%,8.0,73.16,84,30%,30.0,1.45,69,6%,6.0,20.89,50,17%,17.0,"IPP,3P,MP120,STAY,PE365,MGTe"
Nelore,GRI B8798,11/18,B8798 DA S.NICE,G,REM A7,21,"GRI B8798 11/18 B8798 DA S.NICE G REM A7 -1.66 50 0,1% 90.35 84 2% 2.16 53 27% 87.23 82 7% 1.47 72 6% 17 0 26.34 53 8%",-1.66,50,"0,1%",0.1,90.35,84,2%,2.0,2.16,53,27%,27.0,87.23,82,7%,7.0,1.47,72,6%,6.0,26.34,53,8%,8.0,"IPP,3P,MP120,STAY,PE365,MGTe"
