breed,animal_id,birth_month_year,animal_name,sex,sire,source_page,source_raw,IPPdep,IPPac,IPPtop,IPPtop_pct,MP120dep,MP120ac,MP120top,MP120top_pct,STAYdep,STAYac,STAYtop,STAYtop_pct,P450dep,P450ac,P450top,P450top_pct,PE365dep,PE365ac,PE365top,PE365top_pct,MGTedep,MGTeac,MGTetop,MGTetop_pct,metric_order
Tabapuã,PRTA 325,06/10,RAMBO FIV DA PRATA,G,NCG 1396,65,"PRTA 325 06/10 RAMBO FIV DA PRATA G NCG 1396 -1.26 34 0,1% 0.77 50 42% 65.06 42 12% 13.38 55 3% 0.27 70 16% 26 5 20.80 34 5%",-1.26,34,"0,1%",0.1,0.77,50,42%,42.0,65.06,42,12%,12.0,13.38,55,3%,3.0,0.27,70,16%,16.0,20.8,34,5%,5.0,"IPP,MP120,STAY,P450,PE365,MGTe"
Tabapuã,NGT 124,11/07,BEETHOVEN DA NGT,G,FEP 1034,65,"NGT 124 11/07 BEETHOVEN DA NGT G FEP 1034 -1.17 34 0,1% 0.31 43 70% 77.34 42 0,5% 19.04 36 1% 0.09 43 32% 56 1 26.84 31 2%",-1.17,34,"0,1%",0.1,0.31,43,70%,70.0,77.34,42,"0,5%",0.5,19.04,36,1%,1.0,0.09,43,32%,32.0,26.84,31,2%,2.0,"IPP,MP120,STAY,P450,PE365,MGTe"
Tabapuã,TJG 1015,10/16,HASTIL TJG,G,PRTA 325,65,"TJG 1015 10/16 HASTIL TJG G PRTA 325 -0.98 32 0,5% 0.11 50 84% 67.03 47 9% 4.38 43 26% 0.54 40 9% 3 1 19.05 32 6%",-0.98,32,"0,5%",0.5,0.11,50,84%,84.0,67.03,47,9%,9.0,4.38,43,26%,26.0,0.54,40,9%,9.0,19.05,32,6%,6.0,"IPP,MP120,STAY,P450,PE365,MGTe"
Tabapuã,TJG 1297,09/17,IGUAL TJG,,PRTA 325,65,"TJG 1297 09/17 IGUAL TJG PRTA 325 -0.90 20 0,5% -0.99 12 100% 69.96 10 5% 11.22 40 6% 0.22 24 20% 22 1 25.13 10 3%",-0.9,20,"0,5%",0.5,-0.99,12,100%,100.0,69.96,10,5%,5.0,11.22,40,6%,6.0,0.22,24,20%,20.0,25.13,10,3%,3.0,"IPP,MP120,STAY,P450,PE365,MGTe"
Tabapuã,NGT 507,01/09,DOBRADO FIV DA NGT,G,FEP 1034,65,"NGT 507 01/09 DOBRADO FIV DA NGT G FEP 1034 -0.81 43 1% 1.73 32 14% 81.82 43 0,1% 7.16 44 16% -0.28 35 86% 31 2 21.59 32 4%",-0.81,43,1%,1.0,1.73,32,14%,14.0,81.82,43,"0,1%",0.1,7.16,44,16%,16.0,-0.28,35,86%,86.0,21.59,32,4%,4.0,"IPP,MP120,STAY,P450,PE365,MGTe"
Tabapuã,OEJ 102,01/11,SANCAO,,ALN 628,65,OEJ 102 01/11 SANCAO ALN 628 -0.50 23 4% 3.14 26 1% 70.37 20 4% 11.71 18 5% 0.52 65 9% 33 3 17.81 18 8%,-0.5,23,4%,4.0,3.14,26,1%,1.0,70.37,20,4%,4.0,11.71,18,5%,5.0,0.52,65,9%,9.0,17.81,18,8%,8.0,"IPP,MP120,STAY,P450,PE365,MGTe"
Tabapuã,RNF 2523,04/12,TOTEM FIV RF 4 IRMAS,G,RNF 1769,65,"RNF 2523 04/12 TOTEM FIV RF 4 IRMAS G RNF 1769 -0.49 37 4% -0.12 50 93% 75.42 48 1% 20.20 48 0,5% 0.88 45 6% 5 1 27.95 37 2%",-0.49,37,4%,4.0,-0.12,50,93%,93.0,75.42,48,1%,1.0,20.2,48,"0,5%",0.5,0.88,45,6%,6.0,27.95,37,2%,2.0,"IPP,MP120,STAY,P450,PE365,MGTe"
Tabapuã,GEGO 1111,08/12,NATUR FIV DOGOIAS,G,FEP 1034,65,GEGO 1111 08/12 NATUR FIV DOGOIAS G FEP 1034 -0.46 47 5% 2.02 46 8% 69.95 35 5% 12.35 41 5% 0.51 45 9% 6 3 23.53 31 3%,-0.46,47,5%,5.0,2.02,46,8%,8.0,69.95,35,5%,5.0,12.35,41,5%,5.0,0.51,45,9%,9.0,23.53,31,3%,3.0,"IPP,MP120,STAY,P450,PE365,MGTe"
Tabapuã,TROA 2561,08/15,BALANCETE TRO,,TABA R2816,65,TROA 2561 08/15 BALANCETE TRO TABA R2816 -0.42 20 6% 1.62 17 17% 74.99 16 1% 7.75 51 14% 0.94 49 5% 17 3 23.70 16 3%,-0.42,20,6%,6.0,1.62,17,17%,17.0,74.99,16,1%,1.0,7.75,51,14%,14.0,0.94,49,5%,5.0,23.7,16,3%,3.0,"IPP,MP120,STAY,P450,PE365,MGTe"
Tabapuã,ALD 2105,01/14,VERISSIMO DO COCA,G,ALD 1119,65,ALD 2105 01/14 VERISSIMO DO COCA G ALD 1119 -0.40 38 7% -0.39 50 97% 65.93 45 10% 6.81 44 17% -0.53 41 100% 5 1 12.98 38 16%,-0.4,38,7%,7.0,-0.39,50,97%,97.0,65.93,45,10%,10.0,6.81,44,17%,17.0,-0.53,41,100%,100.0,12.98,38,16%,16.0,"IPP,MP120,STAY,P450,PE365,MGTe"
Tabapuã,NGT 801,11/09,DUTO DA NGT,G,MBF 1779,65,"NGT 801 11/09 DUTO DA NGT G MBF 1779 -0.37 43 8% 3.08 36 1% 87.49 36 0,1% 26.85 38 0,1% -0.28 31 86% 18 1 27.08 31 2%",-0.37,43,8%,8.0,3.08,36,1%,1.0,87.49,36,"0,1%",0.1,26.85,38,"0,1%",0.1,-0.28,31,86%,86.0,27.08,31,2%,2.0,"IPP,MP120,STAY,P450,PE365,MGTe"
Tabapuã,JCVB 1677,09/07,QUINO,,TABA R2816,65,"JCVB 1677 09/07 QUINO TABA R2816 -0.34 23 10% 1.76 10 13% 62.93 25 17% 10.24 15 8% 2.65 17 0,5% 23 1 30.70 10 1%",-0.34,23,10%,10.0,1.76,10,13%,13.0,62.93,25,17%,17.0,10.24,15,8%,8.0,2.65,17,"0,5%",0.5,30.7,10,1%,1.0,"IPP,MP120,STAY,P450,PE365,MGTe"
Tabapuã,RNF 3282,09/16,TROUBLE FIV RF 4 IRMA,,TABA R2816,65,"RNF 3282 09/16 TROUBLE FIV RF 4 IRMA TABA R2816 -0.32 20 11% 3.25 18 0,5% 75.52 18 1% 9.04 25 11% 0.52 51 9% 16 1 26.38 18 2%",-0.32,20,11%,11.0,3.25,18,"0,5%",0.5,75.52,18,1%,1.0,9.04,25,11%,11.0,0.52,51,9%,9.0,26.38,18,2%,2.0,"IPP,MP120,STAY,P450,PE365,MGTe"
Tabapuã,TRO 820,10/17,DESTRO TRO,G,TROA 1915,65,"TRO 820 10/17 DESTRO TRO G TROA 1915 -0.30 47 12% 1.71 52 14% 84.56 48 0,1% 18.27 42 1% 0.78 48 6% 3 2 23.63 40 3%",-0.3,47,12%,12.0,1.71,52,14%,14.0,84.56,48,"0,1%",0.1,18.27,42,1%,1.0,0.78,48,6%,6.0,23.63,40,3%,3.0,"IPP,MP120,STAY,P450,PE365,MGTe"
Tabapuã,FHPS 77,11/15,BRINQUEDO MURO DE PED,G,MBF 3413,65,FHPS 77 11/15 BRINQUEDO MURO DE PED G MBF 3413 -0.25 32 16% 1.41 39 22% 69.90 40 5% 6.64 48 17% -0.21 51 77% 3 1 13.44 32 15%,-0.25,32,16%,16.0,1.41,39,22%,22.0,69.9,40,5%,5.0,6.64,48,17%,17.0,-0.21,51,77%,77.0,13.44,32,15%,15.0,"IPP,MP120,STAY,P450,PE365,MGTe"
Tabapuã,DORN 289,11/06,CERTEIRO FIV DA DORN,G,NYFP 1459,65,"DORN 289 11/06 CERTEIRO FIV DA DORN G NYFP 1459 -0.24 43 16% 3.47 52 0,5% 66.07 46 10% 20.27 42 0,5% 0.69 39 7% 15 2 21.75 39 4%",-0.24,43,16%,16.0,3.47,52,"0,5%",0.5,66.07,46,10%,10.0,20.27,42,"0,5%",0.5,0.69,39,7%,7.0,21.75,39,4%,4.0,"IPP,MP120,STAY,P450,PE365,MGTe"
Tabapuã,ALD 2413,11/16,BENEDITO DO COCA,G,MBF 1871,65,"ALD 2413 11/16 BENEDITO DO COCA G MBF 1871 -0.14 42 26% 3.76 46 0,5% 78.68 46 0,5% 33.67 46 0,1% 0.25 64 18% 8 2 29.46 42 1%",-0.14,42,26%,26.0,3.76,46,"0,5%",0.5,78.68,46,"0,5%",0.5,33.67,46,"0,1%",0.1,0.25,64,18%,18.0,29.46,42,1%,1.0,"IPP,MP120,STAY,P450,PE365,MGTe"
Tabapuã,CCTA 2318,09/13,FEITICEIRO FIV CCC,,CCCC 1987,65,CCTA 2318 09/13 FEITICEIRO FIV CCC CCCC 1987 -0.13 22 27% 1.48 11 21% 58.86 31 40% 7.03 8 16% 0.24 10 18% 28 2 10.74 8 20%,-0.13,22,27%,27.0,1.48,11,21%,21.0,58.86,31,40%,40.0,7.03,8,16%,16.0,0.24,10,18%,18.0,10.74,8,20%,20.0,"IPP,MP120,STAY,P450,PE365,MGTe"
