breed,animal_id,birth_month_year,animal_name,sex,sire,source_page,source_raw,IPPdep,IPPac,IPPtop,IPPtop_pct,3Pdep,3Pac,3Ptop,3Ptop_pct,P450dep,P450ac,P450top,P450top_pct,AOLdep,AOLac,AOLtop,AOLtop_pct,ACABdep,ACABac,ACABtop,ACABtop_pct,MGTedep,MGTeac,MGTetop,MGTetop_pct,metric_order
Nelore,FANO 3732,09/21,FINLANDES DA AGRONOVA,G,REMP 816,27,"FANO 3732 09/21 FINLANDES DA AGRONOVA G REMP 816 -1.11 44 6% 84.01 72 14% 45.95 73 0,1% 8.58 66 0,1% 1.45 67 0,1% 144 14 35.67 48 0,5%",-1.11,44,6%,6.0,84.01,72,14%,14.0,45.95,73,"0,1%",0.1,8.58,66,"0,1%",0.1,1.45,67,"0,1%",0.1,35.67,48,"0,5%",0.5,"IPP,3P,P450,AOL,ACAB,MGTe"
Nelore,FANO 3294,12/20,ELO DA AGRONOVA,G,PAU 2753,27,"FANO 3294 12/20 ELO DA AGRONOVA G PAU 2753 -0.80 44 28% 82.48 73 19% 30.13 84 5% 8.02 81 0,1% 1.24 79 0,5% 358 31 31.70 49 3%",-0.8,44,28%,28.0,82.48,73,19%,19.0,30.13,84,5%,5.0,8.02,81,"0,1%",0.1,1.24,79,"0,5%",0.5,31.7,49,3%,3.0,"IPP,3P,P450,AOL,ACAB,MGTe"
Nelore,FANO 2491,11/19,DOUSE DA AGRONOVA,G,REMC A331,27,"FANO 2491 11/19 DOUSE DA AGRONOVA G REMC A331 -1.30 45 2% 90.94 84 2% 30.76 79 4% 7.98 80 0,1% 0.53 77 8% 73 6 35.29 51 0,5%",-1.3,45,2%,2.0,90.94,84,2%,2.0,30.76,79,4%,4.0,7.98,80,"0,1%",0.1,0.53,77,8%,8.0,35.29,51,"0,5%",0.5,"IPP,3P,P450,AOL,ACAB,MGTe"
Nelore,REMC A2337,10/18,REM HULK GEN ADT,G,REM 9449,27,"REMC A2337 10/18 REM HULK GEN ADT G REM 9449 -1.09 52 7% 79.80 84 31% 31.14 85 4% 7.83 81 0,1% 0.62 77 6% 51 6 28.23 54 6%",-1.09,52,7%,7.0,79.8,84,31%,31.0,31.14,85,4%,4.0,7.83,81,"0,1%",0.1,0.62,77,6%,6.0,28.23,54,6%,6.0,"IPP,3P,P450,AOL,ACAB,MGTe"
Nelore,RDM A236,09/17,CORAL MAT.,G,REMC 5326,27,"RDM A236 09/17 CORAL MAT. G REMC 5326 -1.30 67 2% 86.08 86 8% 29.24 94 6% 7.70 89 0,1% 0.09 87 36% 313 46 30.71 67 3%",-1.3,67,2%,2.0,86.08,86,8%,8.0,29.24,94,6%,6.0,7.7,89,"0,1%",0.1,0.09,87,36%,36.0,30.71,67,3%,3.0,"IPP,3P,P450,AOL,ACAB,MGTe"
Nelore,XRGM 4865,08/22,LANDROVER DA XARAES,G,XRGM 4111,27,"XRGM 4865 08/22 LANDROVER DA XARAES G XRGM 4111 -1.34 38 2% 91.77 73 2% 38.30 66 1% 7.62 62 0,1% 1.26 61 0,5% 41 4 39.84 41 0,1%",-1.34,38,2%,2.0,91.77,73,2%,2.0,38.3,66,1%,1.0,7.62,62,"0,1%",0.1,1.26,61,"0,5%",0.5,39.84,41,"0,1%",0.1,"IPP,3P,P450,AOL,ACAB,MGTe"
Nelore,EPCF 4353,08/20,ROLEX FIV DA TERRA BR,G,REM A1811,27,"EPCF 4353 08/20 ROLEX FIV DA TERRA BR G REM A1811 -0.90 45 19% 85.51 85 10% 37.22 89 1% 7.47 91 0,1% 1.13 88 1% 709 38 34.75 49 1%",-0.9,45,19%,19.0,85.51,85,10%,10.0,37.22,89,1%,1.0,7.47,91,"0,1%",0.1,1.13,88,1%,1.0,34.75,49,1%,1.0,"IPP,3P,P450,AOL,ACAB,MGTe"
Nelore,FGP A1248,09/20,GIBSON FIV GUADALUPE,G,REM A1811,27,"FGP A1248 09/20 GIBSON FIV GUADALUPE G REM A1811 -1.21 45 3% 86.11 85 8% 33.02 77 3% 7.34 75 0,1% 0.42 73 11% 206 15 34.96 50 1%",-1.21,45,3%,3.0,86.11,85,8%,8.0,33.02,77,3%,3.0,7.34,75,"0,1%",0.1,0.42,73,11%,11.0,34.96,50,1%,1.0,"IPP,3P,P450,AOL,ACAB,MGTe"
Nelore,CSCQ 106,10/18,UJALA FIV DE NAVIRAI,G,CSCN 14945,27,"CSCQ 106 10/18 UJALA FIV DE NAVIRAI G CSCN 14945 -0.68 50 40% 78.62 86 37% 29.57 89 5% 7.22 79 0,1% 1.06 78 2% 106 10 28.73 52 5%",-0.68,50,40%,40.0,78.62,86,37%,37.0,29.57,89,5%,5.0,7.22,79,"0,1%",0.1,1.06,78,2%,2.0,28.73,52,5%,5.0,"IPP,3P,P450,AOL,ACAB,MGTe"
Nelore,KPA 12,09/20,QUAZAR KA,G,RDM A99,27,"KPA 12 09/20 QUAZAR KA G RDM A99 -0.69 41 39% 86.50 73 7% 38.44 85 1% 7.18 75 0,1% 0.60 73 7% 459 14 34.65 43 1%",-0.69,41,39%,39.0,86.5,73,7%,7.0,38.44,85,1%,1.0,7.18,75,"0,1%",0.1,0.6,73,7%,7.0,34.65,43,1%,1.0,"IPP,3P,P450,AOL,ACAB,MGTe"
Nelore,AGJZ 774,08/20,IGAON FIV DA GAROUPA,G,REM A1553,27,"AGJZ 774 08/20 IGAON FIV DA GAROUPA G REM A1553 -1.11 43 6% 91.49 88 2% 38.47 80 1% 7.14 80 0,1% 0.49 76 9% 118 25 36.90 45 0,1%",-1.11,43,6%,6.0,91.49,88,2%,2.0,38.47,80,1%,1.0,7.14,80,"0,1%",0.1,0.49,76,9%,9.0,36.9,45,"0,1%",0.1,"IPP,3P,P450,AOL,ACAB,MGTe"
Nelore,RDM A5310,06/21,GLOBAL MAT.,G,SINO 1730,27,"RDM A5310 06/21 GLOBAL MAT. G SINO 1730 -1.01 41 11% 87.00 73 6% 38.75 78 0,5% 7.10 73 0,1% 0.34 70 14% 104 9 36.14 44 0,1%",-1.01,41,11%,11.0,87.0,73,6%,6.0,38.75,78,"0,5%",0.5,7.1,73,"0,1%",0.1,0.34,70,14%,14.0,36.14,44,"0,1%",0.1,"IPP,3P,P450,AOL,ACAB,MGTe"
Nelore,FANO 3542,02/21,EPITACIO DA AGRONOVA,G,ACNP 3146,27,"FANO 3542 02/21 EPITACIO DA AGRONOVA G ACNP 3146 -0.86 45 22% 79.96 73 30% 45.29 71 0,1% 7.01 71 0,1% 0.46 69 10% 39 3 38.08 49 0,1%",-0.86,45,22%,22.0,79.96,73,30%,30.0,45.29,71,"0,1%",0.1,7.01,71,"0,1%",0.1,0.46,69,10%,10.0,38.08,49,"0,1%",0.1,"IPP,3P,P450,AOL,ACAB,MGTe"
Nelore,REMC 9185,08/15,REM EL ESPANHOL,G,REMC 5326,27,"REMC 9185 08/15 REM EL ESPANHOL G REMC 5326 -1.38 63 1% 90.09 86 3% 22.17 93 15% 6.96 86 0,1% 0.21 84 21% 215 17 25.05 66 10%",-1.38,63,1%,1.0,90.09,86,3%,3.0,22.17,93,15%,15.0,6.96,86,"0,1%",0.1,0.21,84,21%,21.0,25.05,66,10%,10.0,"IPP,3P,P450,AOL,ACAB,MGTe"
Nelore,MDLO 2230,08/21,I2230 DA MDLO,G,SINO 1730,27,"MDLO 2230 08/21 I2230 DA MDLO G SINO 1730 -1.27 43 2% 85.67 75 9% 37.99 69 1% 6.93 63 0,1% 0.11 62 33% 69 4 34.55 46 1%",-1.27,43,2%,2.0,85.67,75,9%,9.0,37.99,69,1%,1.0,6.93,63,"0,1%",0.1,0.11,62,33%,33.0,34.55,46,1%,1.0,"IPP,3P,P450,AOL,ACAB,MGTe"
Nelore,FLOC 517,11/21,GÃŠNESIS FIV FLOC,G,REMP 816,27,"FLOC 517 11/21 GÃŠNESIS FIV FLOC G REMP 816 -1.24 43 3% 89.02 74 4% 38.31 69 1% 6.86 63 0,1% 1.00 63 2% 77 9 36.50 46 0,1%",-1.24,43,3%,3.0,89.02,74,4%,4.0,38.31,69,1%,1.0,6.86,63,"0,1%",0.1,1.0,63,2%,2.0,36.5,46,"0,1%",0.1,"IPP,3P,P450,AOL,ACAB,MGTe"
Nelore,PHOC 1893,10/20,1893 FIV PHOC,G,GRI B2887,27,"PHOC 1893 10/20 1893 FIV PHOC G GRI B2887 -1.19 44 4% 87.08 73 6% 25.06 72 11% 6.85 73 0,1% 1.00 72 2% 109 3 30.37 48 4%",-1.19,44,4%,4.0,87.08,73,6%,6.0,25.06,72,11%,11.0,6.85,73,"0,1%",0.1,1.0,72,2%,2.0,30.37,48,4%,4.0,"IPP,3P,P450,AOL,ACAB,MGTe"
Nelore,GRI C2521,09/21,MOSAICO DA S.NICE,G,LBMN D4685,27,"GRI C2521 09/21 MOSAICO DA S.NICE G LBMN D4685 -1.01 41 11% 84.53 36 12% 28.25 65 7% 6.81 63 0,1% 0.74 62 4% 27 5 30.38 33 4%",-1.01,41,11%,11.0,84.53,36,12%,12.0,28.25,65,7%,7.0,6.81,63,"0,1%",0.1,0.74,62,4%,4.0,30.38,33,4%,4.0,"IPP,3P,P450,AOL,ACAB,MGTe"
Nelore,MNS 9278,07/18,TROOPER DA ALO BRASIL,G,REMC 5326,27,"MNS 9278 07/18 TROOPER DA ALO BRASIL G REMC 5326 -1.30 55 2% 83.24 86 16% 28.63 88 6% 6.79 83 0,1% 1.08 81 1% 146 14 29.45 56 4%",-1.3,55,2%,2.0,83.24,86,16%,16.0,28.63,88,6%,6.0,6.79,83,"0,1%",0.1,1.08,81,1%,1.0,29.45,56,4%,4.0,"IPP,3P,P450,AOL,ACAB,MGTe"
Nelore,FLOC 264,11/19,EVOQUE FIV FLOC,G,REMC A657,27,"FLOC 264 11/19 EVOQUE FIV FLOC G REMC A657 -1.32 46 2% 84.55 74 12% 29.58 74 5% 6.78 68 0,1% 0.13 68 29% 58 6 27.42 52 7%",-1.32,46,2%,2.0,84.55,74,12%,12.0,29.58,74,5%,5.0,6.78,68,"0,1%",0.1,0.13,68,29%,29.0,27.42,52,7%,7.0,"IPP,3P,P450,AOL,ACAB,MGTe"
Nelore,GRI B7329,11/17,COMBOIO FIV DA S.NICE,G,REMC 5326,27,"GRI B7329 11/17 COMBOIO FIV DA S.NICE G REMC 5326 -1.14 79 5% 80.35 86 28% 28.90 99 6% 6.77 94 0,1% 0.45 94 10% 2225 70 29.67 76 4%",-1.14,79,5%,5.0,80.35,86,28%,28.0,28.9,99,6%,6.0,6.77,94,"0,1%",0.1,0.45,94,10%,10.0,29.67,76,4%,4.0,"IPP,3P,P450,AOL,ACAB,MGTe"
Nelore,HORA 5734,09/21,5734 TE DA HORA (LICO,G,SINO 1730,27,"HORA 5734 09/21 5734 TE DA HORA (LICO G SINO 1730 -1.18 40 4% 89.91 73 3% 41.46 66 0,1% 6.77 60 0,1% 0.57 60 7% 51 5 35.91 43 0,5%",-1.18,40,4%,4.0,89.91,73,3%,3.0,41.46,66,"0,1%",0.1,6.77,60,"0,1%",0.1,0.57,60,7%,7.0,35.91,43,"0,5%",0.5,"IPP,3P,P450,AOL,ACAB,MGTe"
Nelore,GCGC 217,08/19,ASTI TE DA FURN,G,REMC A923,27,"GCGC 217 08/19 ASTI TE DA FURN G REMC A923 -1.24 45 3% 81.24 86 24% 30.72 75 4% 6.68 74 0,1% 0.54 73 8% 35 7 30.71 48 3%",-1.24,45,3%,3.0,81.24,86,24%,24.0,30.72,75,4%,4.0,6.68,74,"0,1%",0.1,0.54,73,8%,8.0,30.71,48,3%,3.0,"IPP,3P,P450,AOL,ACAB,MGTe"
Nelore,RDM A6397,09/21,GATO MAT.,G,REMP 602,27,"RDM A6397 09/21 GATO MAT. G REMP 602 -0.78 43 30% 76.72 57 46% 35.79 68 2% 6.67 63 0,5% 0.50 62 9% 24 2 34.63 47 1%",-0.78,43,30%,30.0,76.72,57,46%,46.0,35.79,68,2%,2.0,6.67,63,"0,5%",0.5,0.5,62,9%,9.0,34.63,47,1%,1.0,"IPP,3P,P450,AOL,ACAB,MGTe"
Nelore,REMP 1214,09/20,REM JOALHEIRO GEN. AD,G,REM A1553,27,"REMP 1214 09/20 REM JOALHEIRO GEN. AD G REM A1553 -0.92 41 17% 83.92 84 14% 24.09 78 12% 6.66 76 0,5% 0.49 74 9% 53 4 30.62 45 4%",-0.92,41,17%,17.0,83.92,84,14%,14.0,24.09,78,12%,12.0,6.66,76,"0,5%",0.5,0.49,74,9%,9.0,30.62,45,4%,4.0,"IPP,3P,P450,AOL,ACAB,MGTe"
Nelore,REMP 1660,11/21,REM LEGIONARIO FIV GE,G,REM A2239,27,"REMP 1660 11/21 REM LEGIONARIO FIV GE G REM A2239 -1.30 39 2% 93.34 71 0,5% 38.29 69 1% 6.66 62 0,5% 0.82 61 3% 100 5 35.47 46 0,5%",-1.3,39,2%,2.0,93.34,71,"0,5%",0.5,38.29,69,1%,1.0,6.66,62,"0,5%",0.5,0.82,61,3%,3.0,35.47,46,"0,5%",0.5,"IPP,3P,P450,AOL,ACAB,MGTe"
Nelore,REM 12045,08/21,REM LEGACY GEN.ADT,G,REM A1576,27,"REM 12045 08/21 REM LEGACY GEN.ADT G REM A1576 -1.46 40 0,5% 90.30 72 2% 40.35 72 0,5% 6.61 66 0,5% 0.76 65 4% 113 10 33.60 44 2%",-1.46,40,"0,5%",0.5,90.3,72,2%,2.0,40.35,72,"0,5%",0.5,6.61,66,"0,5%",0.5,0.76,65,4%,4.0,33.6,44,2%,2.0,"IPP,3P,P450,AOL,ACAB,MGTe"
Nelore,EAO B1143,07/19,CACADOR FIV DA EAO,G,REM 6447,27,"EAO B1143 07/19 CACADOR FIV DA EAO G REM 6447 -0.84 52 24% 88.98 86 4% 28.33 90 7% 6.58 85 0,5% 0.71 83 5% 237 25 33.05 54 2%",-0.84,52,24%,24.0,88.98,86,4%,4.0,28.33,90,7%,7.0,6.58,85,"0,5%",0.5,0.71,83,5%,5.0,33.05,54,2%,2.0,"IPP,3P,P450,AOL,ACAB,MGTe"
Nelore,LCCF 910,09/20,FOSTER DA ARZ,G,REM A1811,27,"LCCF 910 09/20 FOSTER DA ARZ G REM A1811 -0.99 41 12% 90.69 86 2% 35.32 71 2% 6.51 81 0,5% 0.44 80 11% 176 21 38.44 45 0,1%",-0.99,41,12%,12.0,90.69,86,2%,2.0,35.32,71,2%,2.0,6.51,81,"0,5%",0.5,0.44,80,11%,11.0,38.44,45,"0,1%",0.1,"IPP,3P,P450,AOL,ACAB,MGTe"
Nelore,EAO B8217,10/21,EFICAZ DA EAO,G,SINO 1730,27,"EAO B8217 10/21 EFICAZ DA EAO G SINO 1730 -0.96 46 14% 85.45 72 10% 33.19 72 3% 6.51 66 0,5% 0.58 66 7% 42 6 33.17 50 2%",-0.96,46,14%,14.0,85.45,72,10%,10.0,33.19,72,3%,3.0,6.51,66,"0,5%",0.5,0.58,66,7%,7.0,33.17,50,2%,2.0,"IPP,3P,P450,AOL,ACAB,MGTe"
Nelore,MNS 10242,09/19,TEXAS DA ALO BRASIL,G,REMC A923,27,"MNS 10242 09/19 TEXAS DA ALO BRASIL G REMC A923 -0.96 48 14% 80.29 85 29% 32.65 82 3% 6.50 81 0,5% 0.10 80 34% 132 11 30.31 50 4%",-0.96,48,14%,14.0,80.29,85,29%,29.0,32.65,82,3%,3.0,6.5,81,"0,5%",0.5,0.1,80,34%,34.0,30.31,50,4%,4.0,"IPP,3P,P450,AOL,ACAB,MGTe"
Nelore,API 3809,09/16,ARMADOR DO API,G,REMC 5326,27,"API 3809 09/16 ARMADOR DO API G REMC 5326 -0.95 51 15% 71.92 83 65% 30.11 80 5% 6.48 73 0,5% 0.16 71 24% 44 2 25.69 55 9%",-0.95,51,15%,15.0,71.92,83,65%,65.0,30.11,80,5%,5.0,6.48,73,"0,5%",0.5,0.16,71,24%,24.0,25.69,55,9%,9.0,"IPP,3P,P450,AOL,ACAB,MGTe"
Nelore,KAPM 10287,11/19,PHD KA,G,REM 6447,27,"KAPM 10287 11/19 PHD KA G REM 6447 -1.08 48 7% 78.25 74 38% 38.73 82 0,5% 6.44 70 0,5% 0.27 70 17% 150 3 33.76 48 2%",-1.08,48,7%,7.0,78.25,74,38%,38.0,38.73,82,"0,5%",0.5,6.44,70,"0,5%",0.5,0.27,70,17%,17.0,33.76,48,2%,2.0,"IPP,3P,P450,AOL,ACAB,MGTe"
Nelore,ANP 167,08/20,BOEING FIV,G,FPO 2683,27,"ANP 167 08/20 BOEING FIV G FPO 2683 -1.18 44 4% 91.15 84 2% 33.26 75 3% 6.32 78 0,5% 0.10 77 34% 105 8 33.82 49 2%",-1.18,44,4%,4.0,91.15,84,2%,2.0,33.26,75,3%,3.0,6.32,78,"0,5%",0.5,0.1,77,34%,34.0,33.82,49,2%,2.0,"IPP,3P,P450,AOL,ACAB,MGTe"
Nelore,ANP 1081,10/21,CORINGA DA ANP,G,REMP 816,27,"ANP 1081 10/21 CORINGA DA ANP G REMP 816 -0.74 40 34% 84.31 74 13% 35.48 70 2% 6.32 67 0,5% 1.24 65 0,5% 182 17 31.11 45 3%",-0.74,40,34%,34.0,84.31,74,13%,13.0,35.48,70,2%,2.0,6.32,67,"0,5%",0.5,1.24,65,"0,5%",0.5,31.11,45,3%,3.0,"IPP,3P,P450,AOL,ACAB,MGTe"
Nelore,REM 11627,10/20,REM JAMANTA GEN. ADT,G,REM A1576,27,"REM 11627 10/20 REM JAMANTA GEN. ADT G REM A1576 -1.43 39 0,5% 91.60 85 2% 43.69 88 0,1% 6.30 84 0,5% 0.76 82 4% 286 23 36.24 42 0,1%",-1.43,39,"0,5%",0.5,91.6,85,2%,2.0,43.69,88,"0,1%",0.1,6.3,84,"0,5%",0.5,0.76,82,4%,4.0,36.24,42,"0,1%",0.1,"IPP,3P,P450,AOL,ACAB,MGTe"
Nelore,GRI B9334,08/19,CAMAROTE DA S.NICE,G,GRI B2887,27,"GRI B9334 08/19 CAMAROTE DA S.NICE G GRI B2887 -1.63 51 0,1% 88.95 87 4% 28.07 89 7% 6.23 86 0,5% 0.54 84 8% 292 21 28.10 50 6%",-1.63,51,"0,1%",0.1,88.95,87,4%,4.0,28.07,89,7%,7.0,6.23,86,"0,5%",0.5,0.54,84,8%,8.0,28.1,50,6%,6.0,"IPP,3P,P450,AOL,ACAB,MGTe"
Nelore,EPCF 3615,08/19,QATAR FIV DA TERRA BR,G,EPCF 992,27,"EPCF 3615 08/19 QATAR FIV DA TERRA BR G EPCF 992 -1.46 36 0,5% 87.25 85 6% 28.31 75 7% 6.22 78 0,5% 0.16 78 24% 102 5 28.17 43 6%",-1.46,36,"0,5%",0.5,87.25,85,6%,6.0,28.31,75,7%,7.0,6.22,78,"0,5%",0.5,0.16,78,24%,24.0,28.17,43,6%,6.0,"IPP,3P,P450,AOL,ACAB,MGTe"
Nelore,REMP 1486,09/21,REM LIVERPOOL FIV GEN,G,REM A2239,27,"REMP 1486 09/21 REM LIVERPOOL FIV GEN G REM A2239 -1.08 41 7% 93.05 71 1% 35.94 74 2% 6.18 64 0,5% 0.51 64 9% 145 18 33.28 47 2%",-1.08,41,7%,7.0,93.05,71,1%,1.0,35.94,74,2%,2.0,6.18,64,"0,5%",0.5,0.51,64,9%,9.0,33.28,47,2%,2.0,"IPP,3P,P450,AOL,ACAB,MGTe"
Nelore,XRGM 4111,08/19,IDEALIZADOR FIV DA XA,G,REMC 8053,27,XRGM 4111 08/19 IDEALIZADOR FIV DA XA G REMC 8053 -1.32 48 2% 90.57 85 2% 37.34 78 1% 6.16 79 1% 0.41 76 12% 85 14 33.62 50 2%,-1.32,48,2%,2.0,90.57,85,2%,2.0,37.34,78,1%,1.0,6.16,79,1%,1.0,0.41,76,12%,12.0,33.62,50,2%,2.0,"IPP,3P,P450,AOL,ACAB,MGTe"
