breed,animal_id,birth_month_year,animal_name,sex,sire,source_page,source_raw,IPPdep,IPPac,IPPtop,IPPtop_pct,3Pdep,3Pac,3Ptop,3Ptop_pct,MP120dep,MP120ac,MP120top,MP120top_pct,STAYdep,STAYac,STAYtop,STAYtop_pct,P450dep,P450ac,P450top,P450top_pct,MGTedep,MGTeac,MGTetop,MGTetop_pct,metric_order
Nelore,RDM 6022,09/12,SARTRE MAT.,G,LBMN C8288,22,RDM 6022 09/12 SARTRE MAT. G LBMN C8288 -1.18 52 4% 92.01 87 1% 2.56 53 20% 98.23 84 2% 25.33 82 10% 35 1 24.96 53 10%,-1.18,52,4%,4.0,92.01,87,1%,1.0,2.56,53,20%,20.0,98.23,84,2%,2.0,25.33,82,10%,10.0,24.96,53,10%,10.0,"IPP,3P,MP120,STAY,P450,MGTe"
Nelore,LBMN D4685,09/09,D4685 DA MN (CAMPEÃƒO,G,LBMN D1484,22,LBMN D4685 09/09 D4685 DA MN (CAMPEÃƒO G LBMN D1484 -0.92 91 17% 82.60 96 19% 5.90 95 1% 97.30 96 2% 16.23 98 28% 4293 285 23.02 95 13%,-0.92,91,17%,17.0,82.6,96,19%,19.0,5.9,95,1%,1.0,97.3,96,2%,2.0,16.23,98,28%,28.0,23.02,95,13%,13.0,"IPP,3P,MP120,STAY,P450,MGTe"
Nelore,EAO A5084,09/16,NITRO FIV DA EAO,G,REMC 5326,22,EAO A5084 09/16 NITRO FIV DA EAO G REMC 5326 -1.09 67 7% 79.56 87 32% 3.09 70 14% 96.92 85 2% 21.73 92 16% 62 6 25.54 70 9%,-1.09,67,7%,7.0,79.56,87,32%,32.0,3.09,70,14%,14.0,96.92,85,2%,2.0,21.73,92,16%,16.0,25.54,70,9%,9.0,"IPP,3P,MP120,STAY,P450,MGTe"
Nelore,REM A149,09/15,REM EMBAIXADOR,G,REMC 5326,22,REM A149 09/15 REM EMBAIXADOR G REMC 5326 -1.11 76 6% 90.04 90 3% 2.76 76 18% 95.65 83 2% 25.80 97 10% 171 34 28.16 76 6%,-1.11,76,6%,6.0,90.04,90,3%,3.0,2.76,76,18%,18.0,95.65,83,2%,2.0,25.8,97,10%,10.0,28.16,76,6%,6.0,"IPP,3P,MP120,STAY,P450,MGTe"
Nelore,EAO A2958,09/15,UNICO FIV DA EAO,G,LBMN D4685,22,EAO A2958 09/15 UNICO FIV DA EAO G LBMN D4685 -0.75 52 32% 80.46 86 28% 5.85 56 1% 94.94 82 3% 16.27 86 28% 53 10 23.17 56 13%,-0.75,52,32%,32.0,80.46,86,28%,28.0,5.85,56,1%,1.0,94.94,82,3%,3.0,16.27,86,28%,28.0,23.17,56,13%,13.0,"IPP,3P,MP120,STAY,P450,MGTe"
Nelore,REMC A223,08/16,REM FORMOSO,G,REMC 5326,22,REMC A223 08/16 REM FORMOSO G REMC 5326 -1.17 75 4% 90.96 87 2% 2.73 74 18% 94.66 82 3% 30.33 94 5% 264 36 29.78 74 4%,-1.17,75,4%,4.0,90.96,87,2%,2.0,2.73,74,18%,18.0,94.66,82,3%,3.0,30.33,94,5%,5.0,29.78,74,4%,4.0,"IPP,3P,MP120,STAY,P450,MGTe"
Nelore,BRMG 2299,08/15,ZAPP BEABISA,G,REMC 5326,22,BRMG 2299 08/15 ZAPP BEABISA G REMC 5326 -1.25 86 3% 87.34 91 6% 5.05 87 3% 92.11 90 4% 21.95 99 16% 701 77 27.26 87 7%,-1.25,86,3%,3.0,87.34,91,6%,6.0,5.05,87,3%,3.0,92.11,90,4%,4.0,21.95,99,16%,16.0,27.26,87,7%,7.0,"IPP,3P,MP120,STAY,P450,MGTe"
Nelore,AZAN 1910,07/15,NEMO DA BELA,G,COL 20199,22,AZAN 1910 07/15 NEMO DA BELA G COL 20199 -0.94 47 15% 88.63 74 4% 3.41 47 11% 92.02 69 4% 22.66 75 14% 34 7 23.65 47 12%,-0.94,47,15%,15.0,88.63,74,4%,4.0,3.41,47,11%,11.0,92.02,69,4%,4.0,22.66,75,14%,14.0,23.65,47,12%,12.0,"IPP,3P,MP120,STAY,P450,MGTe"
Nelore,CSCC 5339,12/14,POKEMOM FIV DE NAVIRA,G,REMC 5326,22,"CSCC 5339 12/14 POKEMOM FIV DE NAVIRA G REMC 5326 -1.89 65 0,1% 94.65 90 0,5% 2.63 71 19% 91.81 85 4% 16.32 91 27% 124 22 22.41 71 14%",-1.89,65,"0,1%",0.1,94.65,90,"0,5%",0.5,2.63,71,19%,19.0,91.81,85,4%,4.0,16.32,91,27%,27.0,22.41,71,14%,14.0,"IPP,3P,MP120,STAY,P450,MGTe"
Nelore,REM 8933,10/13,REM CALDONEGRO,G,REM 5589,22,REM 8933 10/13 REM CALDONEGRO G REM 5589 -1.19 89 4% 92.41 95 1% 4.39 91 5% 91.80 91 4% 32.33 99 3% 1687 182 29.40 91 5%,-1.19,89,4%,4.0,92.41,95,1%,1.0,4.39,91,5%,5.0,91.8,91,4%,4.0,32.33,99,3%,3.0,29.4,91,5%,5.0,"IPP,3P,MP120,STAY,P450,MGTe"
Nelore,REMC 9828,10/15,REM EL TORO,G,REM 5531,22,REMC 9828 10/15 REM EL TORO G REM 5531 -1.03 79 10% 92.15 91 1% 3.41 78 11% 91.44 81 4% 14.82 98 32% 141 25 22.83 78 13%,-1.03,79,10%,10.0,92.15,91,1%,1.0,3.41,78,11%,11.0,91.44,81,4%,4.0,14.82,98,32%,32.0,22.83,78,13%,13.0,"IPP,3P,MP120,STAY,P450,MGTe"
Nelore,EAO A3671,11/15,URANIO DA EAO,G,REM 5531,22,EAO A3671 11/15 URANIO DA EAO G REM 5531 -1.00 76 11% 77.23 86 43% 3.46 74 10% 91.32 84 4% 24.06 94 12% 89 9 23.71 74 12%,-1.0,76,11%,11.0,77.23,86,43%,43.0,3.46,74,10%,10.0,91.32,84,4%,4.0,24.06,94,12%,12.0,23.71,74,12%,12.0,"IPP,3P,MP120,STAY,P450,MGTe"
Nelore,LBMN D6829,10/11,EROS DA MN,G,LBMN D1564,22,LBMN D6829 10/11 EROS DA MN G LBMN D1564 -1.24 44 3% 86.06 74 8% 2.96 49 15% 91.15 73 4% 17.79 74 24% 31 3 21.33 49 16%,-1.24,44,3%,3.0,86.06,74,8%,8.0,2.96,49,15%,15.0,91.15,73,4%,4.0,17.79,74,24%,24.0,21.33,49,16%,16.0,"IPP,3P,MP120,STAY,P450,MGTe"
Nelore,CSCN 15658,08/16,NAVIRAI FIV SURREAL,G,REMC 5326,22,CSCN 15658 08/16 NAVIRAI FIV SURREAL G REMC 5326 -1.35 63 1% 93.12 87 1% 1.51 66 42% 91.14 84 4% 19.29 90 21% 25 5 23.81 66 12%,-1.35,63,1%,1.0,93.12,87,1%,1.0,1.51,66,42%,42.0,91.14,84,4%,4.0,19.29,90,21%,21.0,23.81,66,12%,12.0,"IPP,3P,MP120,STAY,P450,MGTe"
Nelore,GRI B5012,09/15,B5012 FIV DA S.NICE,G,REMC 3462,22,GRI B5012 09/15 B5012 FIV DA S.NICE G REMC 3462 -0.67 57 41% 78.69 87 36% 3.17 59 13% 90.63 84 4% 21.47 82 16% 27 2 23.36 59 12%,-0.67,57,41%,41.0,78.69,87,36%,36.0,3.17,59,13%,13.0,90.63,84,4%,4.0,21.47,82,16%,16.0,23.36,59,12%,12.0,"IPP,3P,MP120,STAY,P450,MGTe"
Nelore,FVC 11452,09/16,EGITO FVC,G,FVC 8596,22,FVC 11452 09/16 EGITO FVC G FVC 8596 -1.04 66 9% 85.20 86 10% 2.21 71 26% 89.87 80 5% 21.47 93 16% 97 26 20.75 71 17%,-1.04,66,9%,9.0,85.2,86,10%,10.0,2.21,71,26%,26.0,89.87,80,5%,5.0,21.47,93,16%,16.0,20.75,71,17%,17.0,"IPP,3P,MP120,STAY,P450,MGTe"
Nelore,REMC 9891,10/15,REM ESCOLA II,G,REM 4677,22,REMC 9891 10/15 REM ESCOLA II G REM 4677 -1.06 53 8% 87.28 86 6% 3.40 58 11% 89.82 81 5% 20.13 84 19% 26 5 22.98 58 13%,-1.06,53,8%,8.0,87.28,86,6%,6.0,3.4,58,11%,11.0,89.82,81,5%,5.0,20.13,84,19%,19.0,22.98,58,13%,13.0,"IPP,3P,MP120,STAY,P450,MGTe"
Nelore,REM A883,08/16,REM FANTASTICO,G,REM 6447,22,REM A883 08/16 REM FANTASTICO G REM 6447 -0.97 60 13% 89.08 89 3% 5.58 64 2% 89.72 82 5% 18.13 91 23% 84 22 25.32 64 9%,-0.97,60,13%,13.0,89.08,89,3%,3.0,5.58,64,2%,2.0,89.72,82,5%,5.0,18.13,91,23%,23.0,25.32,64,9%,9.0,"IPP,3P,MP120,STAY,P450,MGTe"
Nelore,CSCN 14735,08/15,NAVIRAI ROE FIV,G,REMC 5326,22,CSCN 14735 08/15 NAVIRAI ROE FIV G REMC 5326 -1.20 61 4% 78.60 87 37% 2.25 64 25% 89.61 84 5% 18.16 90 23% 89 10 22.22 64 14%,-1.2,61,4%,4.0,78.6,87,37%,37.0,2.25,64,25%,25.0,89.61,84,5%,5.0,18.16,90,23%,23.0,22.22,64,14%,14.0,"IPP,3P,MP120,STAY,P450,MGTe"
Nelore,REMC 5326,08/11,REM ARMADOR,G,REMC 3462,22,REMC 5326 08/11 REM ARMADOR G REMC 3462 -1.27 96 2% 87.94 99 5% 2.39 95 23% 88.50 97 6% 20.29 97 19% 7739 377 24.35 95 11%,-1.27,96,2%,2.0,87.94,99,5%,5.0,2.39,95,23%,23.0,88.5,97,6%,6.0,20.29,97,19%,19.0,24.35,95,11%,11.0,"IPP,3P,MP120,STAY,P450,MGTe"
Nelore,XRGM 3707,07/16,EFICAZ DA XARAES,G,REM 5531,22,XRGM 3707 07/16 EFICAZ DA XARAES G REM 5531 -1.38 46 1% 90.79 41 2% 3.59 47 10% 88.26 36 6% 23.61 71 13% 27 3 24.49 36 11%,-1.38,46,1%,1.0,90.79,41,2%,2.0,3.59,47,10%,10.0,88.26,36,6%,6.0,23.61,71,13%,13.0,24.49,36,11%,11.0,"IPP,3P,MP120,STAY,P450,MGTe"
Nelore,GREN A2618,08/16,MASTER DA GREN.,G,LBMN D4685,22,GREN A2618 08/16 MASTER DA GREN. G LBMN D4685 -1.15 60 5% 84.56 87 12% 2.21 63 26% 88.22 84 6% 16.97 91 26% 47 3 19.64 63 19%,-1.15,60,5%,5.0,84.56,87,12%,12.0,2.21,63,26%,26.0,88.22,84,6%,6.0,16.97,91,26%,26.0,19.64,63,19%,19.0,"IPP,3P,MP120,STAY,P450,MGTe"
Nelore,KAPM 3857,09/13,JAYAD KA,G,AAAP 1653,22,"KAPM 3857 09/13 JAYAD KA G AAAP 1653 -0.89 54 19% 85.88 87 9% 6.43 62 0,5% 88.08 86 6% 27.60 86 7% 32 6 31.30 62 3%",-0.89,54,19%,19.0,85.88,87,9%,9.0,6.43,62,"0,5%",0.5,88.08,86,6%,6.0,27.6,86,7%,7.0,31.3,62,3%,3.0,"IPP,3P,MP120,STAY,P450,MGTe"
Nelore,REMC 9375,09/15,REM EL GUAPO,G,REMC 5326,22,REMC 9375 09/15 REM EL GUAPO G REMC 5326 -1.30 84 2% 86.36 92 8% 2.76 86 18% 87.95 86 6% 19.32 96 21% 936 101 23.06 86 13%,-1.3,84,2%,2.0,86.36,92,8%,8.0,2.76,86,18%,18.0,87.95,86,6%,6.0,19.32,96,21%,21.0,23.06,86,13%,13.0,"IPP,3P,MP120,STAY,P450,MGTe"
Nelore,AIA A8692,09/09,TIGRE DA JANDAIA,G,CEN 3120,22,AIA A8692 09/09 TIGRE DA JANDAIA G CEN 3120 -1.13 62 5% 86.38 86 8% 3.92 64 7% 87.23 87 7% 27.05 92 8% 173 20 27.61 64 6%,-1.13,62,5%,5.0,86.38,86,8%,8.0,3.92,64,7%,7.0,87.23,87,7%,7.0,27.05,92,8%,8.0,27.61,64,6%,6.0,"IPP,3P,MP120,STAY,P450,MGTe"
Nelore,REMC A331,08/16,REM FORRO,G,REM 8933,22,REMC A331 08/16 REM FORRO G REM 8933 -1.35 62 1% 84.78 87 12% 3.27 66 12% 87.17 84 7% 22.52 91 15% 94 14 24.94 66 10%,-1.35,62,1%,1.0,84.78,87,12%,12.0,3.27,66,12%,12.0,87.17,84,7%,7.0,22.52,91,15%,15.0,24.94,66,10%,10.0,"IPP,3P,MP120,STAY,P450,MGTe"
Nelore,AZAN 1224,08/10,HOBBY FIV DA BELA,G,AZAN 5,22,AZAN 1224 08/10 HOBBY FIV DA BELA G AZAN 5 -1.17 44 4% 85.43 85 10% 3.64 52 9% 87.06 81 7% 21.51 78 16% 27 9 23.55 52 12%,-1.17,44,4%,4.0,85.43,85,10%,10.0,3.64,52,9%,9.0,87.06,81,7%,7.0,21.51,78,16%,16.0,23.55,52,12%,12.0,"IPP,3P,MP120,STAY,P450,MGTe"
Nelore,JHVM 12659,10/14,JHVM 12659 FIV(FENOME,G,LBMN D4685,22,JHVM 12659 10/14 JHVM 12659 FIV(FENOME G LBMN D4685 -0.80 75 28% 82.18 88 20% 4.95 77 3% 86.95 86 7% 19.58 92 20% 233 43 22.36 77 14%,-0.8,75,28%,28.0,82.18,88,20%,20.0,4.95,77,3%,3.0,86.95,86,7%,7.0,19.58,92,20%,20.0,22.36,77,14%,14.0,"IPP,3P,MP120,STAY,P450,MGTe"
Nelore,GRI B5281,11/15,B5281 FIV DA S.NICE,G,REM 6447,22,GRI B5281 11/15 B5281 FIV DA S.NICE G REM 6447 -1.05 58 9% 81.24 85 24% 2.32 61 24% 86.88 83 7% 20.35 85 18% 24 1 23.03 61 13%,-1.05,58,9%,9.0,81.24,85,24%,24.0,2.32,61,24%,24.0,86.88,83,7%,7.0,20.35,85,18%,18.0,23.03,61,13%,13.0,"IPP,3P,MP120,STAY,P450,MGTe"
Nelore,LBMN D6595,08/11,D6595 DA MN,G,LBMN D1288,22,LBMN D6595 08/11 D6595 DA MN G LBMN D1288 -0.80 76 28% 88.14 87 5% 3.20 80 13% 86.54 89 8% 12.09 97 40% 547 77 19.25 80 20%,-0.8,76,28%,28.0,88.14,87,5%,5.0,3.2,80,13%,13.0,86.54,89,8%,8.0,12.09,97,40%,40.0,19.25,80,20%,20.0,"IPP,3P,MP120,STAY,P450,MGTe"
Nelore,REM 6277,09/10,REM VINICULTOR,,REM 4237,22,REM 6277 09/10 REM VINICULTOR REM 4237 -1.09 58 7% 87.98 70 5% 1.83 64 34% 86.52 68 8% 12.67 73 38% 159 19 18.96 64 21%,-1.09,58,7%,7.0,87.98,70,5%,5.0,1.83,64,34%,34.0,86.52,68,8%,8.0,12.67,73,38%,38.0,18.96,64,21%,21.0,"IPP,3P,MP120,STAY,P450,MGTe"
Nelore,COL 23568,12/14,OPERARIO COL,G,REM 5531,22,"COL 23568 12/14 OPERARIO COL G REM 5531 -0.93 77 16% 74.14 88 57% 6.54 77 0,5% 86.48 82 8% 23.27 97 13% 34 16 26.06 77 8%",-0.93,77,16%,16.0,74.14,88,57%,57.0,6.54,77,"0,5%",0.5,86.48,82,8%,8.0,23.27,97,13%,13.0,26.06,77,8%,8.0,"IPP,3P,MP120,STAY,P450,MGTe"
Nelore,BONS 2612,08/13,MARANHAO BONS,G,REM 4668,22,BONS 2612 08/13 MARANHAO BONS G REM 4668 -0.85 61 23% 69.63 85 71% 1.91 66 32% 86.39 85 8% 26.11 89 9% 65 20 23.09 66 13%,-0.85,61,23%,23.0,69.63,85,71%,71.0,1.91,66,32%,32.0,86.39,85,8%,8.0,26.11,89,9%,9.0,23.09,66,13%,13.0,"IPP,3P,MP120,STAY,P450,MGTe"
Nelore,RDM 5624,10/11,RASTAN MAT.,G,REMC 3462,22,RDM 5624 10/11 RASTAN MAT. G REMC 3462 -1.07 83 8% 82.28 91 20% 1.84 85 34% 86.28 89 8% 20.16 99 19% 1079 127 19.58 85 19%,-1.07,83,8%,8.0,82.28,91,20%,20.0,1.84,85,34%,34.0,86.28,89,8%,8.0,20.16,99,19%,19.0,19.58,85,19%,19.0,"IPP,3P,MP120,STAY,P450,MGTe"
Nelore,COL A9127,11/09,IMPONENTE FIV COL,G,MANA B8734,22,COL A9127 11/09 IMPONENTE FIV COL G MANA B8734 -0.72 52 36% 79.30 85 33% 2.49 62 21% 86.25 84 8% 13.69 89 35% 77 18 16.74 62 26%,-0.72,52,36%,36.0,79.3,85,33%,33.0,2.49,62,21%,21.0,86.25,84,8%,8.0,13.69,89,35%,35.0,16.74,62,26%,26.0,"IPP,3P,MP120,STAY,P450,MGTe"
Nelore,REM 7743,09/12,REM BLOCK,G,REM 4677,22,"REM 7743 09/12 REM BLOCK G REM 4677 -1.34 72 2% 94.12 89 0,5% 3.85 75 8% 86.16 86 8% 19.91 95 19% 412 52 22.42 75 14%",-1.34,72,2%,2.0,94.12,89,"0,5%",0.5,3.85,75,8%,8.0,86.16,86,8%,8.0,19.91,95,19%,19.0,22.42,75,14%,14.0,"IPP,3P,MP120,STAY,P450,MGTe"
Nelore,FBFM 6505,09/15,MAP DO BATUQUE,G,REMC 5326,22,FBFM 6505 09/15 MAP DO BATUQUE G REMC 5326 -1.09 76 7% 80.55 90 27% 2.74 79 18% 86.01 82 8% 14.28 96 33% 177 14 20.69 79 17%,-1.09,76,7%,7.0,80.55,90,27%,27.0,2.74,79,18%,18.0,86.01,82,8%,8.0,14.28,96,33%,33.0,20.69,79,17%,17.0,"IPP,3P,MP120,STAY,P450,MGTe"
Nelore,FVC 8596,10/12,FARAO FIV FVC,G,REM 5531,22,FVC 8596 10/12 FARAO FIV FVC G REM 5531 -0.80 84 28% 87.90 92 5% 2.38 86 23% 85.97 91 8% 20.31 99 19% 1339 91 21.36 86 16%,-0.8,84,28%,28.0,87.9,92,5%,5.0,2.38,86,23%,23.0,85.97,91,8%,8.0,20.31,99,19%,19.0,21.36,86,16%,16.0,"IPP,3P,MP120,STAY,P450,MGTe"
Nelore,GRI B2887,07/13,B2887 DA S.NICE,G,AAAP 1653,22,GRI B2887 07/13 B2887 DA S.NICE G AAAP 1653 -0.96 75 14% 85.37 87 10% 1.96 75 31% 85.91 82 8% 18.91 97 21% 34 9 20.13 75 18%,-0.96,75,14%,14.0,85.37,87,10%,10.0,1.96,75,31%,31.0,85.91,82,8%,8.0,18.91,97,21%,21.0,20.13,75,18%,18.0,"IPP,3P,MP120,STAY,P450,MGTe"
Nelore,ACF 3522,11/14,ADAMO FIV KUBERA,G,LBMN D4685,22,ACF 3522 11/14 ADAMO FIV KUBERA G LBMN D4685 -0.80 57 28% 81.54 87 23% 2.23 59 26% 85.85 84 8% 20.69 90 18% 64 12 20.68 59 17%,-0.8,57,28%,28.0,81.54,87,23%,23.0,2.23,59,26%,26.0,85.85,84,8%,8.0,20.69,90,18%,18.0,20.68,59,17%,17.0,"IPP,3P,MP120,STAY,P450,MGTe"
