breed,animal_id,birth_month_year,animal_name,sex,sire,source_page,source_raw,P450dep,P450ac,P450top,P450top_pct,AOLdep,AOLac,AOLtop,AOLtop_pct,ACABdep,ACABac,ACABtop,ACABtop_pct,MGTe_REdep,MGTe_REac,MGTe_REtop,MGTe_REtop_pct,MGTedep,MGTeac,MGTetop,MGTetop_pct,metric_order
Nelore,FANO 3732,09/21,FINLANDES DA AGRONOVA,G,REMP 816,17,"FANO 3732 09/21 FINLANDES DA AGRONOVA G REMP 816 45.95 73 0,1% 8.58 66 0,1% 1.45 67 0,1% 56.22 66 0,1% 35.67 48 0,5%",45.95,73,"0,1%",0.1,8.58,66,"0,1%",0.1,1.45,67,"0,1%",0.1,56.22,66,"0,1%",0.1,35.67,48,"0,5%",0.5,"P450,AOL,ACAB,MGTe_RE,MGTe"
Nelore,SINO 3015,03/22,IRMAO SINO,G,SINO 1730,17,"SINO 3015 03/22 IRMAO SINO G SINO 1730 49.90 69 0,1% 7.55 64 0,1% 0.06 62 44% 50.78 62 0,1% 38.98 45 0,1%",49.9,69,"0,1%",0.1,7.55,64,"0,1%",0.1,0.06,62,44%,44.0,50.78,62,"0,1%",0.1,38.98,45,"0,1%",0.1,"P450,AOL,ACAB,MGTe_RE,MGTe"
Nelore,MFBN 9026,10/21,TRIJAK FIV G.SALES,G,REM A1576,17,"MFBN 9026 10/21 TRIJAK FIV G.SALES G REM A1576 42.01 67 0,1% 8.47 64 0,1% 0.55 63 8% 50.29 63 0,1% 33.97 43 2%",42.01,67,"0,1%",0.1,8.47,64,"0,1%",0.1,0.55,63,8%,8.0,50.29,63,"0,1%",0.1,33.97,43,2%,2.0,"P450,AOL,ACAB,MGTe_RE,MGTe"
Nelore,MMLN 1492,08/22,YURI FIV CATARINA,G,REMP 816,17,"MMLN 1492 08/22 YURI FIV CATARINA G REMP 816 47.96 66 0,1% 5.15 64 2% 1.69 63 0,1% 48.97 63 0,1% 36.63 47 0,1%",47.96,66,"0,1%",0.1,5.15,64,2%,2.0,1.69,63,"0,1%",0.1,48.97,63,"0,1%",0.1,36.63,47,"0,1%",0.1,"P450,AOL,ACAB,MGTe_RE,MGTe"
Nelore,XRGM 4865,08/22,LANDROVER DA XARAES,G,XRGM 4111,17,"XRGM 4865 08/22 LANDROVER DA XARAES G XRGM 4111 38.30 66 1% 7.62 62 0,1% 1.26 61 0,5% 48.30 61 0,1% 39.84 41 0,1%",38.3,66,1%,1.0,7.62,62,"0,1%",0.1,1.26,61,"0,5%",0.5,48.3,61,"0,1%",0.1,39.84,41,"0,1%",0.1,"P450,AOL,ACAB,MGTe_RE,MGTe"
Nelore,SGN 1391,12/18,LUMIAR FIV DO CRISPIM,G,REM 6447,17,"SGN 1391 12/18 LUMIAR FIV DO CRISPIM G REM 6447 36.60 72 1% 8.73 65 0,1% 0.66 64 5% 48.11 64 0,1% 40.29 48 0,1%",36.6,72,1%,1.0,8.73,65,"0,1%",0.1,0.66,64,5%,5.0,48.11,64,"0,1%",0.1,40.29,48,"0,1%",0.1,"P450,AOL,ACAB,MGTe_RE,MGTe"
Nelore,FANO 3542,02/21,EPITACIO DA AGRONOVA,G,ACNP 3146,17,"FANO 3542 02/21 EPITACIO DA AGRONOVA G ACNP 3146 45.29 71 0,1% 7.01 71 0,1% 0.46 69 10% 48.00 69 0,1% 38.08 49 0,1%",45.29,71,"0,1%",0.1,7.01,71,"0,1%",0.1,0.46,69,10%,10.0,48.0,69,"0,1%",0.1,38.08,49,"0,1%",0.1,"P450,AOL,ACAB,MGTe_RE,MGTe"
Nelore,MCPJ 8108,07/22,8108S FIV JMP,G,REM A1576,17,"MCPJ 8108 07/22 8108S FIV JMP G REM A1576 38.77 68 0,5% 7.58 64 0,1% 0.80 62 4% 46.84 62 0,1% 41.29 48 0,1%",38.77,68,"0,5%",0.5,7.58,64,"0,1%",0.1,0.8,62,4%,4.0,46.84,62,"0,1%",0.1,41.29,48,"0,1%",0.1,"P450,AOL,ACAB,MGTe_RE,MGTe"
Nelore,EPCF 4353,08/20,ROLEX FIV DA TERRA BR,G,REM A1811,17,"EPCF 4353 08/20 ROLEX FIV DA TERRA BR G REM A1811 37.22 89 1% 7.47 91 0,1% 1.13 88 1% 46.75 88 0,1% 34.75 49 1%",37.22,89,1%,1.0,7.47,91,"0,1%",0.1,1.13,88,1%,1.0,46.75,88,"0,1%",0.1,34.75,49,1%,1.0,"P450,AOL,ACAB,MGTe_RE,MGTe"
Nelore,MDLO 2366,09/21,I2366 DA MDLO,G,SINO 1730,17,"MDLO 2366 09/21 I2366 DA MDLO G SINO 1730 35.56 68 2% 7.57 62 0,1% 1.17 63 1% 46.19 62 0,1% 35.57 45 0,5%",35.56,68,2%,2.0,7.57,62,"0,1%",0.1,1.17,63,1%,1.0,46.19,62,"0,1%",0.1,35.57,45,"0,5%",0.5,"P450,AOL,ACAB,MGTe_RE,MGTe"
Nelore,REM 11627,10/20,REM JAMANTA GEN. ADT,G,REM A1576,17,"REM 11627 10/20 REM JAMANTA GEN. ADT G REM A1576 43.69 88 0,1% 6.30 84 0,5% 0.76 82 4% 46.17 82 0,1% 36.24 42 0,1%",43.69,88,"0,1%",0.1,6.3,84,"0,5%",0.5,0.76,82,4%,4.0,46.17,82,"0,1%",0.1,36.24,42,"0,1%",0.1,"P450,AOL,ACAB,MGTe_RE,MGTe"
Nelore,EAO B8886,01/22,EMBAIXADOR FIV EAO,G,REM A1576,17,"EAO B8886 01/22 EMBAIXADOR FIV EAO G REM A1576 35.83 70 2% 7.54 68 0,1% 1.02 68 2% 45.73 68 0,1% 36.56 47 0,1%",35.83,70,2%,2.0,7.54,68,"0,1%",0.1,1.02,68,2%,2.0,45.73,68,"0,1%",0.1,36.56,47,"0,1%",0.1,"P450,AOL,ACAB,MGTe_RE,MGTe"
Nelore,HORA 5734,09/21,5734 TE DA HORA (LICO,G,SINO 1730,17,"HORA 5734 09/21 5734 TE DA HORA (LICO G SINO 1730 41.46 66 0,1% 6.77 60 0,1% 0.57 60 7% 45.42 60 0,1% 35.91 43 0,5%",41.46,66,"0,1%",0.1,6.77,60,"0,1%",0.1,0.57,60,7%,7.0,45.42,60,"0,1%",0.1,35.91,43,"0,5%",0.5,"P450,AOL,ACAB,MGTe_RE,MGTe"
Nelore,EAO B7661,09/21,ESTEIO DA EAO,G,REM A7,17,"EAO B7661 09/21 ESTEIO DA EAO G REM A7 43.96 77 0,1% 5.26 70 2% 1.29 68 0,5% 45.41 68 0,1% 37.26 49 0,1%",43.96,77,"0,1%",0.1,5.26,70,2%,2.0,1.29,68,"0,5%",0.5,45.41,68,"0,1%",0.1,37.26,49,"0,1%",0.1,"P450,AOL,ACAB,MGTe_RE,MGTe"
Nelore,FLOC 517,11/21,GÃŠNESIS FIV FLOC,G,REMP 816,17,"FLOC 517 11/21 GÃŠNESIS FIV FLOC G REMP 816 38.31 69 1% 6.86 63 0,1% 1.00 63 2% 45.31 63 0,1% 36.50 46 0,1%",38.31,69,1%,1.0,6.86,63,"0,1%",0.1,1.0,63,2%,2.0,45.31,63,"0,1%",0.1,36.5,46,"0,1%",0.1,"P450,AOL,ACAB,MGTe_RE,MGTe"
Nelore,REM 12045,08/21,REM LEGACY GEN.ADT,G,REM A1576,17,"REM 12045 08/21 REM LEGACY GEN.ADT G REM A1576 40.35 72 0,5% 6.61 66 0,5% 0.76 65 4% 45.01 65 0,1% 33.60 44 2%",40.35,72,"0,5%",0.5,6.61,66,"0,5%",0.5,0.76,65,4%,4.0,45.01,65,"0,1%",0.1,33.6,44,2%,2.0,"P450,AOL,ACAB,MGTe_RE,MGTe"
Nelore,RDM A4814,10/20,FALCAO MAT.,G,SINO 1647,17,"RDM A4814 10/20 FALCAO MAT. G SINO 1647 47.17 68 0,1% 5.32 69 2% 0.55 68 8% 44.86 68 0,1% 37.84 42 0,1%",47.17,68,"0,1%",0.1,5.32,69,2%,2.0,0.55,68,8%,8.0,44.86,68,"0,1%",0.1,37.84,42,"0,1%",0.1,"P450,AOL,ACAB,MGTe_RE,MGTe"
Nelore,KPA 12,09/20,QUAZAR KA,G,RDM A99,17,"KPA 12 09/20 QUAZAR KA G RDM A99 38.44 85 1% 7.18 75 0,1% 0.60 73 7% 44.82 73 0,1% 34.65 43 1%",38.44,85,1%,1.0,7.18,75,"0,1%",0.1,0.6,73,7%,7.0,44.82,73,"0,1%",0.1,34.65,43,1%,1.0,"P450,AOL,ACAB,MGTe_RE,MGTe"
Nelore,FANO 3294,12/20,ELO DA AGRONOVA,G,PAU 2753,17,"FANO 3294 12/20 ELO DA AGRONOVA G PAU 2753 30.13 84 5% 8.02 81 0,1% 1.24 79 0,5% 44.38 79 0,1% 31.70 49 3%",30.13,84,5%,5.0,8.02,81,"0,1%",0.1,1.24,79,"0,5%",0.5,44.38,79,"0,1%",0.1,31.7,49,3%,3.0,"P450,AOL,ACAB,MGTe_RE,MGTe"
Nelore,AGJZ 774,08/20,IGAON FIV DA GAROUPA,G,REM A1553,17,"AGJZ 774 08/20 IGAON FIV DA GAROUPA G REM A1553 38.47 80 1% 7.14 80 0,1% 0.49 76 9% 44.34 76 0,1% 36.90 45 0,1%",38.47,80,1%,1.0,7.14,80,"0,1%",0.1,0.49,76,9%,9.0,44.34,76,"0,1%",0.1,36.9,45,"0,1%",0.1,"P450,AOL,ACAB,MGTe_RE,MGTe"
Nelore,REMP 1660,11/21,REM LEGIONARIO FIV GE,G,REM A2239,17,"REMP 1660 11/21 REM LEGIONARIO FIV GE G REM A2239 38.29 69 1% 6.66 62 0,5% 0.82 61 3% 44.12 61 0,1% 35.47 46 0,5%",38.29,69,1%,1.0,6.66,62,"0,5%",0.5,0.82,61,3%,3.0,44.12,61,"0,1%",0.1,35.47,46,"0,5%",0.5,"P450,AOL,ACAB,MGTe_RE,MGTe"
Nelore,RDM A5310,06/21,GLOBAL MAT.,G,SINO 1730,17,"RDM A5310 06/21 GLOBAL MAT. G SINO 1730 38.75 78 0,5% 7.10 73 0,1% 0.34 70 14% 43.84 70 0,1% 36.14 44 0,1%",38.75,78,"0,5%",0.5,7.1,73,"0,1%",0.1,0.34,70,14%,14.0,43.84,70,"0,1%",0.1,36.14,44,"0,1%",0.1,"P450,AOL,ACAB,MGTe_RE,MGTe"
Nelore,REMP 1611,10/21,REM1611L FIV GENETICA,G,REMP 816,17,"REMP 1611 10/21 REM1611L FIV GENETICA G REMP 816 37.40 70 1% 5.79 64 1% 1.54 63 0,1% 43.80 63 0,1% 34.96 46 1%",37.4,70,1%,1.0,5.79,64,1%,1.0,1.54,63,"0,1%",0.1,43.8,63,"0,1%",0.1,34.96,46,1%,1.0,"P450,AOL,ACAB,MGTe_RE,MGTe"
Nelore,ALQ 2431,08/22,2431 ESALQ,G,REM A1576,17,"ALQ 2431 08/22 2431 ESALQ G REM A1576 37.37 70 1% 6.81 64 0,1% 0.77 63 4% 43.79 63 0,1% 33.15 39 2%",37.37,70,1%,1.0,6.81,64,"0,1%",0.1,0.77,63,4%,4.0,43.79,63,"0,1%",0.1,33.15,39,2%,2.0,"P450,AOL,ACAB,MGTe_RE,MGTe"
Nelore,REMC A3775,09/20,REM JUNCO GEN. ADT,G,REM A1936,17,"REMC A3775 09/20 REM JUNCO GEN. ADT G REM A1936 38.44 78 1% 6.89 72 0,1% 0.52 70 8% 43.73 70 0,1% 34.18 50 2%",38.44,78,1%,1.0,6.89,72,"0,1%",0.1,0.52,70,8%,8.0,43.73,70,"0,1%",0.1,34.18,50,2%,2.0,"P450,AOL,ACAB,MGTe_RE,MGTe"
Nelore,FANO 2995,09/20,ESTUDANTE DA AGRONOVA,G,FANO 1509,17,"FANO 2995 09/20 ESTUDANTE DA AGRONOVA G FANO 1509 45.27 81 0,1% 5.69 72 1% 0.26 70 18% 43.66 70 0,1% 37.68 47 0,1%",45.27,81,"0,1%",0.1,5.69,72,1%,1.0,0.26,70,18%,18.0,43.66,70,"0,1%",0.1,37.68,47,"0,1%",0.1,"P450,AOL,ACAB,MGTe_RE,MGTe"
Nelore,REMP 1416,07/21,REM PASSAPORTE FIV GE,G,REM A2239,17,"REMP 1416 07/21 REM PASSAPORTE FIV GE G REM A2239 42.33 91 0,1% 5.76 74 1% 0.62 71 6% 43.39 71 0,5% 35.38 44 0,5%",42.33,91,"0,1%",0.1,5.76,74,1%,1.0,0.62,71,6%,6.0,43.39,71,"0,5%",0.5,35.38,44,"0,5%",0.5,"P450,AOL,ACAB,MGTe_RE,MGTe"
Nelore,GCGC 442,07/22,COLISEU FIV GRUPO COS,G,REM A1936,17,"GCGC 442 07/22 COLISEU FIV GRUPO COS G REM A1936 41.44 69 0,1% 5.59 65 2% 0.86 65 3% 43.26 65 0,5% 37.74 43 0,1%",41.44,69,"0,1%",0.1,5.59,65,2%,2.0,0.86,65,3%,3.0,43.26,65,"0,5%",0.5,37.74,43,"0,1%",0.1,"P450,AOL,ACAB,MGTe_RE,MGTe"
Nelore,JAPA 11028,12/21,11028 FIV JAPARANDUBA,G,SINO 1730,17,"JAPA 11028 12/21 11028 FIV JAPARANDUBA G SINO 1730 37.69 69 1% 7.04 66 0,1% 0.39 65 12% 43.23 65 0,5% 34.55 50 1%",37.69,69,1%,1.0,7.04,66,"0,1%",0.1,0.39,65,12%,12.0,43.23,65,"0,5%",0.5,34.55,50,1%,1.0,"P450,AOL,ACAB,MGTe_RE,MGTe"
Nelore,VIV 5156,09/21,OMÃƒ FIV PRONEL,G,REM A1936,17,"VIV 5156 09/21 OMÃƒ FIV PRONEL G REM A1936 37.80 68 1% 6.15 64 1% 1.03 63 2% 43.20 63 0,5% 33.52 32 2%",37.8,68,1%,1.0,6.15,64,1%,1.0,1.03,63,2%,2.0,43.2,63,"0,5%",0.5,33.52,32,2%,2.0,"P450,AOL,ACAB,MGTe_RE,MGTe"
Nelore,FVC 15210,09/20,MIL FIV FVC,G,ACNP 3146,17,"FVC 15210 09/20 MIL FIV FVC G ACNP 3146 48.59 73 0,1% 5.08 68 3% 0.02 44 58% 43.18 44 0,5% 35.75 44 0,5%",48.59,73,"0,1%",0.1,5.08,68,3%,3.0,0.02,44,58%,58.0,43.18,44,"0,5%",0.5,35.75,44,"0,5%",0.5,"P450,AOL,ACAB,MGTe_RE,MGTe"
Nelore,ANP 1081,10/21,CORINGA DA ANP,G,REMP 816,17,"ANP 1081 10/21 CORINGA DA ANP G REMP 816 35.48 70 2% 6.32 67 0,5% 1.24 65 0,5% 43.01 65 0,5% 31.11 45 3%",35.48,70,2%,2.0,6.32,67,"0,5%",0.5,1.24,65,"0,5%",0.5,43.01,65,"0,5%",0.5,31.11,45,3%,3.0,"P450,AOL,ACAB,MGTe_RE,MGTe"
Nelore,XIKU 6965,06/20,FAVERO,G,REM A1576,17,"XIKU 6965 06/20 FAVERO G REM A1576 40.58 69 0,5% 6.01 66 1% 0.57 64 7% 42.82 64 0,5% 34.44 43 1%",40.58,69,"0,5%",0.5,6.01,66,1%,1.0,0.57,64,7%,7.0,42.82,64,"0,5%",0.5,34.44,43,1%,1.0,"P450,AOL,ACAB,MGTe_RE,MGTe"
Nelore,FLPE 8541,10/21,ANGICO FIV DA COMETA,G,REMP 816,17,"FLPE 8541 10/21 ANGICO FIV DA COMETA G REMP 816 37.51 71 1% 5.58 66 2% 1.37 65 0,5% 42.70 65 0,5% 32.03 46 3%",37.51,71,1%,1.0,5.58,66,2%,2.0,1.37,65,"0,5%",0.5,42.7,65,"0,5%",0.5,32.03,46,3%,3.0,"P450,AOL,ACAB,MGTe_RE,MGTe"
Nelore,FANO 3387,12/20,ECRAN DA AGRONOVA,G,RDM A83,17,"FANO 3387 12/20 ECRAN DA AGRONOVA G RDM A83 37.90 69 1% 7.00 68 0,1% 0.21 67 21% 42.60 67 0,5% 31.22 40 3%",37.9,69,1%,1.0,7.0,68,"0,1%",0.1,0.21,67,21%,21.0,42.6,67,"0,5%",0.5,31.22,40,3%,3.0,"P450,AOL,ACAB,MGTe_RE,MGTe"
Nelore,MCPJ 8878,10/22,XERIFE FIV JMP,G,REM 10447,17,"MCPJ 8878 10/22 XERIFE FIV JMP G REM 10447 43.11 71 0,1% 4.84 67 3% 0.91 64 2% 42.41 64 0,5% 36.67 44 0,1%",43.11,71,"0,1%",0.1,4.84,67,3%,3.0,0.91,64,2%,2.0,42.41,64,"0,5%",0.5,36.67,44,"0,1%",0.1,"P450,AOL,ACAB,MGTe_RE,MGTe"
Nelore,ANP 1101,10/21,CAPITÃƒO DA ANP,G,REMP 816,17,"ANP 1101 10/21 CAPITÃƒO DA ANP G REMP 816 34.01 68 2% 6.46 62 0,5% 1.22 62 1% 42.41 62 0,5% 30.19 30 4%",34.01,68,2%,2.0,6.46,62,"0,5%",0.5,1.22,62,1%,1.0,42.41,62,"0,5%",0.5,30.19,30,4%,4.0,"P450,AOL,ACAB,MGTe_RE,MGTe"
Nelore,HORA 6160,11/21,LOOP DA HORA,G,SINO 1730,17,"HORA 6160 11/21 LOOP DA HORA G SINO 1730 41.09 69 0,1% 4.94 63 3% 1.16 62 1% 42.39 62 0,5% 32.42 44 2%",41.09,69,"0,1%",0.1,4.94,63,3%,3.0,1.16,62,1%,1.0,42.39,62,"0,5%",0.5,32.42,44,2%,2.0,"P450,AOL,ACAB,MGTe_RE,MGTe"
Nelore,REMP 1425,07/21,REM LUTADOR FIV GEN.A,G,REM A2239,17,"REMP 1425 07/21 REM LUTADOR FIV GEN.A G REM A2239 35.20 67 2% 6.95 60 0,1% 0.64 61 6% 42.38 60 0,5% 32.36 42 2%",35.2,67,2%,2.0,6.95,60,"0,1%",0.1,0.64,61,6%,6.0,42.38,60,"0,5%",0.5,32.36,42,2%,2.0,"P450,AOL,ACAB,MGTe_RE,MGTe"
Nelore,REMQ 23,07/22,REM MAGISTRADO FIV GE,G,REM A1576,17,"REMQ 23 07/22 REM MAGISTRADO FIV GE G REM A1576 38.82 67 0,5% 5.67 62 2% 0.99 62 2% 42.36 62 0,5% 33.40 43 2%",38.82,67,"0,5%",0.5,5.67,62,2%,2.0,0.99,62,2%,2.0,42.36,62,"0,5%",0.5,33.4,43,2%,2.0,"P450,AOL,ACAB,MGTe_RE,MGTe"
