breed,animal_id,birth_month_year,animal_name,sex,sire,source_page,source_raw,IPPdep,IPPac,IPPtop,IPPtop_pct,3Pdep,3Pac,3Ptop,3Ptop_pct,P450dep,P450ac,P450top,P450top_pct,AOLdep,AOLac,AOLtop,AOLtop_pct,ACABdep,ACABac,ACABtop,ACABtop_pct,MARdep,MARac,MARtop,MARtop_pct,MGTedep,MGTeac,MGTetop,MGTetop_pct,metric_order
Nelore,CSAF 1061,11/17,1061 DA SAF,G,LBMN D1484,29,"CSAF 1061 11/17 1061 DA SAF G LBMN D1484 -0.79 49 29% 74.94 84 53% 13.92 87 34% 0.59 82 56% 0.75 83 4% 0.44 83 0,1% 166 19 17.91 49 23%",-0.79,49,29%,29.0,74.94,84,53%,53.0,13.92,87,34%,34.0,0.59,82,56%,56.0,0.75,83,4%,4.0,0.44,83,"0,1%",0.1,17.91,49,23%,23.0,"IPP,3P,P450,AOL,ACAB,MAR,MGTe"
Nelore,FSAT 1554,10/12,TIJOLO DO GOLIAS,G,7955,29,"FSAT 1554 10/12 TIJOLO DO GOLIAS G 7955 -0.65 47 43% 81.96 87 21% 6.16 81 68% 1.97 82 24% 0.41 79 12% 0.44 82 0,1% 244 6 13.16 47 36%",-0.65,47,43%,43.0,81.96,87,21%,21.0,6.16,81,68%,68.0,1.97,82,24%,24.0,0.41,79,12%,12.0,0.44,82,"0,1%",0.1,13.16,47,36%,36.0,"IPP,3P,P450,AOL,ACAB,MAR,MGTe"
Nelore,REMP 361,11/11,REM ALCOOL,G,REM 4677,29,"REMP 361 11/11 REM ALCOOL G REM 4677 -0.89 59 19% 75.61 86 51% 16.82 90 26% 1.31 84 33% 0.92 84 2% 0.42 75 0,1% 205 19 15.38 66 30%",-0.89,59,19%,19.0,75.61,86,51%,51.0,16.82,90,26%,26.0,1.31,84,33%,33.0,0.92,84,2%,2.0,0.42,75,"0,1%",0.1,15.38,66,30%,30.0,"IPP,3P,P450,AOL,ACAB,MAR,MGTe"
Nelore,GRI C1877,11/20,PIRATA DA S.NICE,G,COL 23568,29,"GRI C1877 11/20 PIRATA DA S.NICE G COL 23568 -1.15 43 5% 72.04 76 64% 29.67 73 5% 5.72 64 1% 0.43 65 11% 0.37 60 0,1% 83 6 30.31 46 4%",-1.15,43,5%,5.0,72.04,76,64%,64.0,29.67,73,5%,5.0,5.72,64,1%,1.0,0.43,65,11%,11.0,0.37,60,"0,1%",0.1,30.31,46,4%,4.0,"IPP,3P,P450,AOL,ACAB,MAR,MGTe"
Nelore,GRI C1067,09/20,TORONTO DA S.NICE,G,AZAN 2193,29,"GRI C1067 09/20 TORONTO DA S.NICE G AZAN 2193 -0.91 37 18% 84.02 73 14% 28.08 65 7% 5.46 70 2% 0.49 68 9% 0.36 69 0,1% 67 7 28.46 40 5%",-0.91,37,18%,18.0,84.02,73,14%,14.0,28.08,65,7%,7.0,5.46,70,2%,2.0,0.49,68,9%,9.0,0.36,69,"0,1%",0.1,28.46,40,5%,5.0,"IPP,3P,P450,AOL,ACAB,MAR,MGTe"
Nelore,CSCF 4554,12/17,URCO FIV DE NAV.,G,REMC 5326,29,"CSCF 4554 12/17 URCO FIV DE NAV. G REMC 5326 -1.16 81 5% 83.33 88 16% 23.28 98 13% 2.47 94 19% 0.24 95 19% 0.35 89 0,1% 1222 41 26.08 76 8%",-1.16,81,5%,5.0,83.33,88,16%,16.0,23.28,98,13%,13.0,2.47,94,19%,19.0,0.24,95,19%,19.0,0.35,89,"0,1%",0.1,26.08,76,8%,8.0,"IPP,3P,P450,AOL,ACAB,MAR,MGTe"
Nelore,HORA 5862,10/21,LOZANO TE DA HORA,G,FVC 11452,29,"HORA 5862 10/21 LOZANO TE DA HORA G FVC 11452 -1.28 39 2% 87.42 75 6% 25.02 67 11% 3.18 63 12% 0.91 63 2% 0.34 59 0,1% 23 4 26.91 45 7%",-1.28,39,2%,2.0,87.42,75,6%,6.0,25.02,67,11%,11.0,3.18,63,12%,12.0,0.91,63,2%,2.0,0.34,59,"0,1%",0.1,26.91,45,7%,7.0,"IPP,3P,P450,AOL,ACAB,MAR,MGTe"
Nelore,FSH A9922,11/15,KALYAN DP,G,REM 6447,29,"FSH A9922 11/15 KALYAN DP G REM 6447 -0.61 52 48% 80.83 88 26% 24.91 87 11% 4.08 79 6% 0.58 76 7% 0.32 73 0,1% 90 4 24.62 53 10%",-0.61,52,48%,48.0,80.83,88,26%,26.0,24.91,87,11%,11.0,4.08,79,6%,6.0,0.58,76,7%,7.0,0.32,73,"0,1%",0.1,24.62,53,10%,10.0,"IPP,3P,P450,AOL,ACAB,MAR,MGTe"
Nelore,FLOC 264,11/19,EVOQUE FIV FLOC,G,REMC A657,29,"FLOC 264 11/19 EVOQUE FIV FLOC G REMC A657 -1.32 46 2% 84.55 74 12% 29.58 74 5% 6.78 68 0,1% 0.13 68 29% 0.32 64 0,1% 58 6 27.42 52 7%",-1.32,46,2%,2.0,84.55,74,12%,12.0,29.58,74,5%,5.0,6.78,68,"0,1%",0.1,0.13,68,29%,29.0,0.32,64,"0,1%",0.1,27.42,52,7%,7.0,"IPP,3P,P450,AOL,ACAB,MAR,MGTe"
Nelore,HORA 5989,10/21,LA PORTE TE DA HORA,G,HORA 3150,29,"HORA 5989 10/21 LA PORTE TE DA HORA G HORA 3150 -1.20 45 4% 89.36 71 3% 31.83 74 4% 4.95 65 3% 0.21 66 21% 0.32 61 0,1% 149 20 29.54 48 4%",-1.2,45,4%,4.0,89.36,71,3%,3.0,31.83,74,4%,4.0,4.95,65,3%,3.0,0.21,66,21%,21.0,0.32,61,"0,1%",0.1,29.54,48,4%,4.0,"IPP,3P,P450,AOL,ACAB,MAR,MGTe"
Nelore,KAT 4610,09/20,MÃ‰RITO KATISPERA,G,FPO 2683,29,"KAT 4610 09/20 MÃ‰RITO KATISPERA G FPO 2683 -1.17 43 4% 88.15 74 5% 31.02 73 4% 3.88 64 7% 0.25 65 18% 0.32 59 0,1% 108 7 29.10 46 5%",-1.17,43,4%,4.0,88.15,74,5%,5.0,31.02,73,4%,4.0,3.88,64,7%,7.0,0.25,65,18%,18.0,0.32,59,"0,1%",0.1,29.1,46,5%,5.0,"IPP,3P,P450,AOL,ACAB,MAR,MGTe"
Nelore,COL 27609,10/20,USE COL,G,COL 25554,29,"COL 27609 10/20 USE COL G COL 25554 -0.84 33 24% 85.70 71 9% 18.24 68 23% 4.35 65 5% 0.38 62 13% 0.32 53 0,1% 40 2 26.40 36 8%",-0.84,33,24%,24.0,85.7,71,9%,9.0,18.24,68,23%,23.0,4.35,65,5%,5.0,0.38,62,13%,13.0,0.32,53,"0,1%",0.1,26.4,36,8%,8.0,"IPP,3P,P450,AOL,ACAB,MAR,MGTe"
Nelore,GRI C2521,09/21,MOSAICO DA S.NICE,G,LBMN D4685,29,"GRI C2521 09/21 MOSAICO DA S.NICE G LBMN D4685 -1.01 41 11% 84.53 36 12% 28.25 65 7% 6.81 63 0,1% 0.74 62 4% 0.31 58 0,1% 27 5 30.38 33 4%",-1.01,41,11%,11.0,84.53,36,12%,12.0,28.25,65,7%,7.0,6.81,63,"0,1%",0.1,0.74,62,4%,4.0,0.31,58,"0,1%",0.1,30.38,33,4%,4.0,"IPP,3P,P450,AOL,ACAB,MAR,MGTe"
Nelore,GRI B8437,10/18,B8437 FIV DA S.NICE,G,REM A7,29,"GRI B8437 10/18 B8437 FIV DA S.NICE G REM A7 -1.13 51 5% 85.52 84 10% 29.31 88 6% 4.15 87 6% 0.66 86 5% 0.30 82 0,1% 306 17 30.04 52 4%",-1.13,51,5%,5.0,85.52,84,10%,10.0,29.31,88,6%,6.0,4.15,87,6%,6.0,0.66,86,5%,5.0,0.3,82,"0,1%",0.1,30.04,52,4%,4.0,"IPP,3P,P450,AOL,ACAB,MAR,MGTe"
Nelore,EAO B1088,06/19,COMBATE FIV DA EAO,G,REM 8933,29,"EAO B1088 06/19 COMBATE FIV DA EAO G REM 8933 -1.09 62 7% 81.92 86 21% 30.67 90 4% 3.65 87 9% 0.53 86 8% 0.30 74 0,1% 390 6 29.00 51 5%",-1.09,62,7%,7.0,81.92,86,21%,21.0,30.67,90,4%,4.0,3.65,87,9%,9.0,0.53,86,8%,8.0,0.3,74,"0,1%",0.1,29.0,51,5%,5.0,"IPP,3P,P450,AOL,ACAB,MAR,MGTe"
Nelore,FVC 14867,08/20,TOKIO FIV FVC,G,ACNP 3146,29,"FVC 14867 08/20 TOKIO FIV FVC G ACNP 3146 -1.27 45 2% 90.50 73 2% 33.12 80 3% 3.76 74 8% 0.61 73 6% 0.30 65 0,1% 230 20 30.66 50 3%",-1.27,45,2%,2.0,90.5,73,2%,2.0,33.12,80,3%,3.0,3.76,74,8%,8.0,0.61,73,6%,6.0,0.3,65,"0,1%",0.1,30.66,50,3%,3.0,"IPP,3P,P450,AOL,ACAB,MAR,MGTe"
Nelore,EAO B7502,09/21,ELO FIV DA EAO (B7502,G,REM A1936,29,"EAO B7502 09/21 ELO FIV DA EAO (B7502 G REM A1936 -1.32 45 2% 84.68 71 12% 33.91 69 2% 4.91 68 3% 1.43 66 0,1% 0.30 64 0,1% 60 5 33.15 47 2%",-1.32,45,2%,2.0,84.68,71,12%,12.0,33.91,69,2%,2.0,4.91,68,3%,3.0,1.43,66,"0,1%",0.1,0.3,64,"0,1%",0.1,33.15,47,2%,2.0,"IPP,3P,P450,AOL,ACAB,MAR,MGTe"
Nelore,FANO 3732,09/21,FINLANDES DA AGRONOVA,G,REMP 816,29,"FANO 3732 09/21 FINLANDES DA AGRONOVA G REMP 816 -1.11 44 6% 84.01 72 14% 45.95 73 0,1% 8.58 66 0,1% 1.45 67 0,1% 0.30 63 0,1% 144 14 35.67 48 0,5%",-1.11,44,6%,6.0,84.01,72,14%,14.0,45.95,73,"0,1%",0.1,8.58,66,"0,1%",0.1,1.45,67,"0,1%",0.1,0.3,63,"0,1%",0.1,35.67,48,"0,5%",0.5,"IPP,3P,P450,AOL,ACAB,MAR,MGTe"
Nelore,EAO B4051,07/20,D8 DA EAO,G,REM A7,29,"EAO B4051 07/20 D8 DA EAO G REM A7 -1.51 45 0,5% 86.89 87 7% 27.03 95 8% 3.83 90 8% 1.32 90 0,5% 0.29 91 0,1% 1114 52 31.99 47 3%",-1.51,45,"0,5%",0.5,86.89,87,7%,7.0,27.03,95,8%,8.0,3.83,90,8%,8.0,1.32,90,"0,5%",0.5,0.29,91,"0,1%",0.1,31.99,47,3%,3.0,"IPP,3P,P450,AOL,ACAB,MAR,MGTe"
Nelore,FVCP 1503,11/20,NEON FIV FVC,G,ACNP 3146,29,"FVCP 1503 11/20 NEON FIV FVC G ACNP 3146 -0.81 47 27% 89.33 85 3% 32.77 81 3% 3.82 81 8% 0.65 80 6% 0.29 80 0,1% 73 6 31.05 53 3%",-0.81,47,27%,27.0,89.33,85,3%,3.0,32.77,81,3%,3.0,3.82,81,8%,8.0,0.65,80,6%,6.0,0.29,80,"0,1%",0.1,31.05,53,3%,3.0,"IPP,3P,P450,AOL,ACAB,MAR,MGTe"
Nelore,EAO B3877,07/20,DISCOVERY FIV DA EAO,G,ACNP 3146,29,"EAO B3877 07/20 DISCOVERY FIV DA EAO G ACNP 3146 -0.95 52 15% 78.76 85 36% 33.65 97 3% 4.90 92 3% 0.23 92 19% 0.28 90 0,1% 923 52 29.49 48 4%",-0.95,52,15%,15.0,78.76,85,36%,36.0,33.65,97,3%,3.0,4.9,92,3%,3.0,0.23,92,19%,19.0,0.28,90,"0,1%",0.1,29.49,48,4%,4.0,"IPP,3P,P450,AOL,ACAB,MAR,MGTe"
Nelore,HORA 3631,10/18,HULK TE DA HORA,G,REM 8747,29,"HORA 3631 10/18 HULK TE DA HORA G REM 8747 -0.99 51 12% 80.46 83 28% 27.64 85 7% 4.48 79 5% 0.94 77 2% 0.28 77 0,1% 57 7 27.44 53 7%",-0.99,51,12%,12.0,80.46,83,28%,28.0,27.64,85,7%,7.0,4.48,79,5%,5.0,0.94,77,2%,2.0,0.28,77,"0,1%",0.1,27.44,53,7%,7.0,"IPP,3P,P450,AOL,ACAB,MAR,MGTe"
Nelore,GRI B7906,08/18,B7906 FIV DA S.NICE,G,LBMN D1484,29,"GRI B7906 08/18 B7906 FIV DA S.NICE G LBMN D1484 -0.77 45 31% 82.40 85 19% 17.23 88 25% 1.75 78 27% 0.44 76 11% 0.28 77 0,1% 104 13 24.82 48 10%",-0.77,45,31%,31.0,82.4,85,19%,19.0,17.23,88,25%,25.0,1.75,78,27%,27.0,0.44,76,11%,11.0,0.28,77,"0,1%",0.1,24.82,48,10%,10.0,"IPP,3P,P450,AOL,ACAB,MAR,MGTe"
Nelore,LCCF 910,09/20,FOSTER DA ARZ,G,REM A1811,29,"LCCF 910 09/20 FOSTER DA ARZ G REM A1811 -0.99 41 12% 90.69 86 2% 35.32 71 2% 6.51 81 0,5% 0.44 80 11% 0.28 77 0,1% 176 21 38.44 45 0,1%",-0.99,41,12%,12.0,90.69,86,2%,2.0,35.32,71,2%,2.0,6.51,81,"0,5%",0.5,0.44,80,11%,11.0,0.28,77,"0,1%",0.1,38.44,45,"0,1%",0.1,"IPP,3P,P450,AOL,ACAB,MAR,MGTe"
Nelore,CEN 9434,08/14,CEN 9434 FISCAL TE,G,REM 5589,29,"CEN 9434 08/14 CEN 9434 FISCAL TE G REM 5589 -0.84 59 24% 80.11 86 29% 15.14 92 31% 2.45 81 19% 0.71 77 5% 0.28 77 0,1% 112 10 16.93 60 26%",-0.84,59,24%,24.0,80.11,86,29%,29.0,15.14,92,31%,31.0,2.45,81,19%,19.0,0.71,77,5%,5.0,0.28,77,"0,1%",0.1,16.93,60,26%,26.0,"IPP,3P,P450,AOL,ACAB,MAR,MGTe"
Nelore,FVC 12483,08/17,FURACAO FVC,G,REMC 8332,29,"FVC 12483 08/17 FURACAO FVC G REMC 8332 -1.25 58 3% 89.39 85 3% 24.33 89 12% 1.83 85 26% 0.43 82 11% 0.28 76 0,1% 205 16 27.32 58 7%",-1.25,58,3%,3.0,89.39,85,3%,3.0,24.33,89,12%,12.0,1.83,85,26%,26.0,0.43,82,11%,11.0,0.28,76,"0,1%",0.1,27.32,58,7%,7.0,"IPP,3P,P450,AOL,ACAB,MAR,MGTe"
Nelore,AZAP 2721,07/19,TABAL FIV DA BELA,G,REMC A657,29,"AZAP 2721 07/19 TABAL FIV DA BELA G REMC A657 -0.97 46 13% 88.10 87 5% 26.95 86 8% 5.33 76 2% 0.48 75 9% 0.28 73 0,1% 68 15 26.11 50 8%",-0.97,46,13%,13.0,88.1,87,5%,5.0,26.95,86,8%,8.0,5.33,76,2%,2.0,0.48,75,9%,9.0,0.28,73,"0,1%",0.1,26.11,50,8%,8.0,"IPP,3P,P450,AOL,ACAB,MAR,MGTe"
Nelore,MAGD 3422,10/20,DINAMITE FIV DA MAGDA,G,EPCF 1400,29,"MAGD 3422 10/20 DINAMITE FIV DA MAGDA G EPCF 1400 -0.75 35 32% 84.87 72 11% 24.86 65 11% 3.83 64 8% 0.45 62 10% 0.28 62 0,1% 33 5 27.52 39 6%",-0.75,35,32%,32.0,84.87,72,11%,11.0,24.86,65,11%,11.0,3.83,64,8%,8.0,0.45,62,10%,10.0,0.28,62,"0,1%",0.1,27.52,39,6%,6.0,"IPP,3P,P450,AOL,ACAB,MAR,MGTe"
Nelore,REMC 8332,09/14,REM DULLDOG,G,REMC 5326,29,"REMC 8332 09/14 REM DULLDOG G REMC 5326 -1.02 88 10% 80.51 93 28% 27.63 99 7% 4.01 94 7% 0.55 95 8% 0.27 92 0,1% 1942 91 25.03 88 10%",-1.02,88,10%,10.0,80.51,93,28%,28.0,27.63,99,7%,7.0,4.01,94,7%,7.0,0.55,95,8%,8.0,0.27,92,"0,1%",0.1,25.03,88,10%,10.0,"IPP,3P,P450,AOL,ACAB,MAR,MGTe"
Nelore,EPCF 2908,07/18,2908 FIV DA TERRA BRA,G,REM 9449,29,"EPCF 2908 07/18 2908 FIV DA TERRA BRA G REM 9449 -0.94 43 15% 82.70 88 18% 27.93 71 7% 3.74 73 8% 0.91 72 2% 0.27 70 0,1% 38 4 24.79 47 10%",-0.94,43,15%,15.0,82.7,88,18%,18.0,27.93,71,7%,7.0,3.74,73,8%,8.0,0.91,72,2%,2.0,0.27,70,"0,1%",0.1,24.79,47,10%,10.0,"IPP,3P,P450,AOL,ACAB,MAR,MGTe"
Nelore,EAO B8522,11/21,EMBLEMA FIV DA EAO,G,REM A7,29,"EAO B8522 11/21 EMBLEMA FIV DA EAO G REM A7 -1.52 46 0,1% 95.41 73 0,1% 29.73 71 5% 3.76 68 8% 0.69 67 5% 0.27 64 0,1% 103 12 34.73 51 1%",-1.52,46,"0,1%",0.1,95.41,73,"0,1%",0.1,29.73,71,5%,5.0,3.76,68,8%,8.0,0.69,67,5%,5.0,0.27,64,"0,1%",0.1,34.73,51,1%,1.0,"IPP,3P,P450,AOL,ACAB,MAR,MGTe"
Nelore,MDLO 1561,11/19,CEDRO DA MDLO,G,REM A1230,29,"MDLO 1561 11/19 CEDRO DA MDLO G REM A1230 -0.67 38 41% 76.96 74 44% 33.80 71 3% 5.60 66 2% 0.63 65 6% 0.27 62 0,1% 36 3 26.16 41 8%",-0.67,38,41%,41.0,76.96,74,44%,44.0,33.8,71,3%,3.0,5.6,66,2%,2.0,0.63,65,6%,6.0,0.27,62,"0,1%",0.1,26.16,41,8%,8.0,"IPP,3P,P450,AOL,ACAB,MAR,MGTe"
Nelore,REMC A657,09/16,REM F22 FIV,G,REMC 5326,29,"REMC A657 09/16 REM F22 FIV G REMC 5326 -1.07 86 8% 86.41 94 8% 28.52 99 6% 5.28 94 2% 0.54 94 8% 0.26 90 0,5% 1525 79 27.13 82 7%",-1.07,86,8%,8.0,86.41,94,8%,8.0,28.52,99,6%,6.0,5.28,94,2%,2.0,0.54,94,8%,8.0,0.26,90,"0,5%",0.5,27.13,82,7%,7.0,"IPP,3P,P450,AOL,ACAB,MAR,MGTe"
Nelore,GFC 1075,11/20,NERO DO MORRO,G,REM A1576,29,"GFC 1075 11/20 NERO DO MORRO G REM A1576 -1.29 38 2% 82.89 73 18% 30.63 84 4% 5.14 81 3% 1.57 78 0,1% 0.26 78 0,5% 291 26 30.92 44 3%",-1.29,38,2%,2.0,82.89,73,18%,18.0,30.63,84,4%,4.0,5.14,81,3%,3.0,1.57,78,"0,1%",0.1,0.26,78,"0,5%",0.5,30.92,44,3%,3.0,"IPP,3P,P450,AOL,ACAB,MAR,MGTe"
Nelore,REMC A3512,08/20,REM JUPITER GEN. ADT,G,REM A1811,29,"REMC A3512 08/20 REM JUPITER GEN. ADT G REM A1811 -1.34 44 2% 93.57 86 0,5% 25.76 82 10% 3.82 77 8% 0.93 75 2% 0.26 75 0,5% 77 5 30.32 48 4%",-1.34,44,2%,2.0,93.57,86,"0,5%",0.5,25.76,82,10%,10.0,3.82,77,8%,8.0,0.93,75,2%,2.0,0.26,75,"0,5%",0.5,30.32,48,4%,4.0,"IPP,3P,P450,AOL,ACAB,MAR,MGTe"
Nelore,EAO B4545,08/20,DELTA DA EAO,G,REM A1811,29,"EAO B4545 08/20 DELTA DA EAO G REM A1811 -1.70 54 0,1% 89.80 74 3% 24.45 92 11% 3.09 79 13% 0.78 76 4% 0.26 72 0,5% 353 8 28.21 43 6%",-1.7,54,"0,1%",0.1,89.8,74,3%,3.0,24.45,92,11%,11.0,3.09,79,13%,13.0,0.78,76,4%,4.0,0.26,72,"0,5%",0.5,28.21,43,6%,6.0,"IPP,3P,P450,AOL,ACAB,MAR,MGTe"
Nelore,RDM A3066,09/19,ETRUSCO MAT.,G,BONS 3108,29,"RDM A3066 09/19 ETRUSCO MAT. G BONS 3108 -0.85 61 23% 83.72 88 15% 33.36 94 3% 4.80 90 3% 0.31 88 15% 0.25 83 0,5% 335 27 30.15 59 4%",-0.85,61,23%,23.0,83.72,88,15%,15.0,33.36,94,3%,3.0,4.8,90,3%,3.0,0.31,88,15%,15.0,0.25,83,"0,5%",0.5,30.15,59,4%,4.0,"IPP,3P,P450,AOL,ACAB,MAR,MGTe"
Nelore,GRI B9435,09/19,CARBONO FIV DA S.NICE,G,GRI B5968,29,"GRI B9435 09/19 CARBONO FIV DA S.NICE G GRI B5968 -1.00 43 11% 87.63 86 5% 26.02 81 9% 3.43 78 10% 0.54 76 8% 0.25 78 0,5% 73 9 25.71 45 9%",-1.0,43,11%,11.0,87.63,86,5%,5.0,26.02,81,9%,9.0,3.43,78,10%,10.0,0.54,76,8%,8.0,0.25,78,"0,5%",0.5,25.71,45,9%,9.0,"IPP,3P,P450,AOL,ACAB,MAR,MGTe"
Nelore,BOA A2619,08/20,OIAMPI TERRA BOA,G,BOA A1308,29,"BOA A2619 08/20 OIAMPI TERRA BOA G BOA A1308 -0.90 39 19% 79.92 72 30% 24.96 74 11% 3.34 72 11% 0.79 71 4% 0.25 69 0,5% 143 6 23.65 42 12%",-0.9,39,19%,19.0,79.92,72,30%,30.0,24.96,74,11%,11.0,3.34,72,11%,11.0,0.79,71,4%,4.0,0.25,69,"0,5%",0.5,23.65,42,12%,12.0,"IPP,3P,P450,AOL,ACAB,MAR,MGTe"
Nelore,LCN 2887,08/18,ZAMBE ENGENHO 2,,REM 9274,29,"LCN 2887 08/18 ZAMBE ENGENHO 2 REM 9274 -1.00 38 11% 76.80 25 45% 25.52 33 10% 2.93 68 14% 0.89 65 3% 0.25 59 0,5% 110 11 23.88 17 12%",-1.0,38,11%,11.0,76.8,25,45%,45.0,25.52,33,10%,10.0,2.93,68,14%,14.0,0.89,65,3%,3.0,0.25,59,"0,5%",0.5,23.88,17,12%,12.0,"IPP,3P,P450,AOL,ACAB,MAR,MGTe"
